거래소코드,회사명,회계년도,label,pred,proba1
000040,케이알모터스(주),2012/12,0.0,0.0,0.12
000050,(주)경방,2012/12,1.0,1.0,0.77
000070,(주)삼양홀딩스,2013/12,1.0,1.0,0.98
000150,(주)두산,2015/12,1.0,1.0,0.76
000180,성창기업지주(주),2012/12,0.0,0.0,0.27
000210,디엘(주),2013/12,0.0,0.0,0.15
000220,(주)유유제약,2021/12,0.0,1.0,0.54
000230,일동홀딩스(주),2016/12,0.0,0.0,0.15
000250,삼천당제약(주),2021/12,1.0,0.0,0.47
000300,(주)대유플러스,2012/12,1.0,1.0,0.73
000360,삼환기업(주),2012/12,0.0,0.0,0.04
000390,삼화페인트공업(주),2021/12,1.0,1.0,0.78
000420,(주)로케트전기,2012/12,0.0,0.0,0.02
000430,대원강업(주),2020/12,0.0,1.0,0.73
000440,(주)중앙에너비스,2020/12,0.0,1.0,0.57
000480,(주)시알홀딩스,2017/12,1.0,1.0,0.96
000490,(주)대동,2012/12,1.0,1.0,0.87
000520,삼일제약(주),2012/12,0.0,0.0,0.21
000650,(주)천일고속,2012/12,1.0,1.0,0.75
000660,에스케이하이닉스(주),2012/12,1.0,1.0,0.78
000670,(주)영풍,2014/12,0.0,0.0,0.19
000680,(주)엘에스네트웍스,2012/12,0.0,0.0,0.16
000700,(주)유수홀딩스,2012/12,0.0,0.0,0.05
000760,이화산업(주),2018/12,0.0,0.0,0.04
000800,경남기업(주),2012/12,0.0,0.0,0.22
000860,강남제비스코(주),2019/12,1.0,1.0,0.97
000890,보해양조(주),2016/12,0.0,0.0,0.05
000910,(주)유니온,2017/12,0.0,0.0,0.11
000950,전방(주),2012/12,0.0,0.0,0.12
000990,(주)DB하이텍,2012/12,0.0,0.0,0.03
001000,신라섬유(주),2015/12,1.0,1.0,0.68
001020,페이퍼코리아(주),2013/12,0.0,0.0,0.15
001060,제이더블유중외제약(주),2012/12,1.0,1.0,0.74
001070,대한방직(주),2012/12,0.0,0.0,0.21
001140,(주)국보,2012/12,0.0,0.0,0.18
001210,금호전기(주),2012/12,0.0,0.0,0.15
001230,동국홀딩스(주),2012/12,0.0,0.0,0.17
001260,남광토건(주),2012/12,0.0,0.0,0.15
001340,백광산업(주),2013/12,0.0,0.0,0.07
001360,삼성제약(주),2012/12,0.0,0.0,0.23
001380,(주)에스지글로벌,2012/12,1.0,1.0,0.8
001420,태원물산(주),2020/12,0.0,1.0,0.51
001430,(주)세아베스틸지주,2020/12,1.0,1.0,0.57
001440,대한전선(주),2012/12,0.0,0.0,0.08
001470,삼부토건(주),2012/12,0.0,0.0,0.11
001520,(주)동양,2012/12,0.0,0.0,0.18
001530,디아이동일(주),2012/12,1.0,1.0,0.93
001540,안국약품(주),2020/12,0.0,1.0,0.69
001550,(주)조비,2012/12,1.0,1.0,0.87
001620,케이비아이동국실업(주),2014/12,1.0,1.0,0.96
001770,(주)신화다이나믹스,2013/12,1.0,1.0,0.86
001780,(주)알루코,2012/12,1.0,1.0,0.79
001810,무림에스피(주),2019/12,1.0,1.0,0.91
001820,삼화콘덴서공업(주),2014/12,1.0,1.0,0.84
001840,이화공영(주),2018/12,1.0,1.0,0.93
002000,한국유리공업(주),2012/12,0.0,0.0,0.18
002020,(주)코오롱,2012/12,0.0,0.0,0.28
002070,(주)비비안,2012/12,0.0,0.0,0.22
002200,한국수출포장공업(주),2017/12,1.0,1.0,0.98
002210,동성제약(주),2013/12,0.0,0.0,0.23
002220,한일철강(주),2012/12,0.0,0.0,0.2
002230,피에스텍(주),2012/12,1.0,1.0,0.91
002250,알보젠코리아(주),2012/12,1.0,1.0,0.87
002300,한국제지(주),2018/12,0.0,0.0,0.19
002310,아세아제지(주),2015/12,1.0,1.0,0.82
002320,(주)한진,2016/12,0.0,0.0,0.2
002350,넥센타이어(주),2021/12,0.0,1.0,0.59
002360,(주)SH에너지화학,2019/12,0.0,0.0,0.23
002380,(주)케이씨씨,2020/12,1.0,1.0,0.61
002390,(주)한독,2017/12,1.0,1.0,0.86
002410,범양건영(주),2012/12,0.0,0.0,0.06
002420,세기상사(주),2012/12,0.0,0.0,0.04
002450,(주)삼익악기,2017/12,1.0,1.0,0.83
002620,제일파마홀딩스(주),2021/12,0.0,0.0,0.37
002680,(주)한탑,2013/12,0.0,0.0,0.13
002690,동일제강(주),2018/12,1.0,1.0,0.91
002700,신일전자(주),2014/12,0.0,0.0,0.19
002710,(주)TCC스틸,2012/12,0.0,0.0,0.21
002720,국제약품(주),2013/12,0.0,0.0,0.26
002780,진흥기업(주),2012/12,0.0,0.0,0.07
002800,신신제약(주),2020/12,0.0,0.0,0.27
002820,(주)선앤엘,2012/12,1.0,1.0,0.98
002870,(주)신풍,2012/12,0.0,0.0,0.21
002880,(주)대유에이텍,2017/12,0.0,0.0,0.16
002900,티와이엠(주),2014/12,1.0,1.0,0.96
002920,유성기업(주),2020/12,1.0,1.0,0.67
002990,금호건설(주),2012/12,1.0,1.0,0.57
003010,(주)혜인,2012/12,0.0,0.0,0.28
003060,(주)에이프로젠바이오로직스,2012/12,0.0,0.0,0.07
003070,코오롱글로벌(주),2012/12,0.0,0.0,0.18
003080,성보화학(주),2017/12,1.0,1.0,0.76
003120,일성신약(주),2019/12,0.0,0.0,0.2
003160,(주)디아이,2012/12,1.0,1.0,0.75
003280,흥아해운(주),2016/12,0.0,0.0,0.13
003300,한일홀딩스(주),2018/12,1.0,1.0,0.89
003310,대주산업(주),2012/12,1.0,1.0,0.81
003350,(주)한국화장품제조,2012/12,0.0,0.0,0.12
003480,(주)한진중공업홀딩스,2012/12,0.0,0.0,0.24
003490,(주)대한항공,2012/12,0.0,0.0,0.25
003520,영진약품(주),2018/12,1.0,1.0,0.95
003560,(주)아이에이치큐,2013/12,0.0,0.0,0.16
003570,SNT다이내믹스(주),2014/12,1.0,1.0,0.96
003580,에이치엘비글로벌(주),2012/12,0.0,0.0,0.11
003620,케이지모빌리티(주),2012/12,0.0,0.0,0.12
003640,유니온스틸(주),2012/12,0.0,0.0,0.27
003680,한성기업(주),2014/12,1.0,1.0,0.79
003720,(주)삼영,2013/12,0.0,0.0,0.13
003830,대한화섬(주),2012/12,0.0,0.0,0.09
003920,남양유업(주),2013/12,0.0,0.0,0.22
004000,롯데정밀화학(주),2013/12,0.0,0.0,0.34
004020,현대제철(주),2020/12,1.0,1.0,0.57
004060,(주)에스지세계물산,2012/12,0.0,0.0,0.17
004080,(주)신흥,2012/12,1.0,1.0,0.8
004100,태양금속공업(주),2019/12,0.0,0.0,0.11
004140,(주)동방,2013/12,0.0,0.0,0.18
004150,한솔홀딩스(주),2014/12,1.0,1.0,0.79
004170,(주)신세계,2020/12,1.0,0.0,0.4
004200,고려개발(주),2015/12,1.0,1.0,0.79
004270,(주)남성,2012/12,0.0,0.0,0.06
004410,서울식품공업(주),2018/12,0.0,0.0,0.1
004430,송원산업(주),2014/12,1.0,1.0,0.98
004440,(주)삼일씨엔에스,2020/12,1.0,1.0,0.75
004540,깨끗한나라(주),2015/12,1.0,1.0,0.93
004710,한솔테크닉스(주),2012/12,0.0,0.0,0.05
004720,팜젠사이언스(주),2012/12,0.0,0.0,0.15
004740,(주)보루네오가구,2012/12,0.0,0.0,0.02
004770,써니전자(주),2012/12,0.0,0.0,0.12
004790,(주)렉스엘이앤지,2012/12,0.0,0.0,0.03
004800,(주)효성,2012/12,1.0,1.0,0.78
004830,(주)덕성,2015/12,1.0,1.0,0.98
004840,(주)디알비동일,2021/12,1.0,1.0,0.63
004870,(주)티웨이홀딩스,2012/12,1.0,1.0,0.96
004890,동일산업(주),2019/12,1.0,1.0,0.94
004910,조광페인트(주),2018/12,0.0,0.0,0.17
004920,(주)씨아이테크,2012/12,0.0,0.0,0.04
004960,한신공영(주),2012/12,1.0,1.0,0.74
004970,신라교역(주),2015/12,1.0,1.0,0.98
004980,성신양회(주),2012/12,1.0,1.0,0.91
004990,롯데지주(주),2017/12,1.0,1.0,0.93
005010,(주)휴스틸,2016/12,1.0,1.0,0.98
005030,부산주공(주),2012/12,0.0,0.0,0.15
005070,코스모신소재(주),2012/12,0.0,0.0,0.12
005090,에스지씨에너지(주),2014/12,1.0,1.0,0.91
005110,(주)한창,2015/12,1.0,1.0,0.96
005320,(주)국동,2017/12,1.0,1.0,0.95
005360,(주)모나미,2013/12,1.0,1.0,0.84
005420,코스모화학(주),2012/12,0.0,0.0,0.04
005430,한국공항(주),2020/12,0.0,0.0,0.41
005450,(주)신한,2012/12,0.0,0.0,0.11
005620,(주)대성합동지주,2012/12,0.0,0.0,0.15
005690,파미셀(주),2012/12,0.0,0.0,0.06
005750,대림비앤코(주),2012/12,0.0,0.0,0.25
005850,에스엘(주),2018/12,1.0,1.0,0.81
005860,한일사료(주),2012/12,1.0,1.0,0.86
005870,(주)휴니드테크놀러지스,2012/12,0.0,0.0,0.04
005880,대한해운(주),2012/12,1.0,1.0,0.73
005900,(주)동양건설산업,2012/12,0.0,0.0,0.11
005950,(주)이수화학,2013/12,0.0,0.0,0.26
005960,동부건설(주),2012/12,0.0,0.0,0.17
005980,성지건설(주),2015/12,0.0,0.0,0.18
006050,(주)국영지앤엠,2012/12,1.0,1.0,0.87
006060,(주)화승인더스트리,2013/12,1.0,1.0,0.81
006090,(주)사조오양,2013/12,0.0,0.0,0.06
006110,삼아알미늄(주),2013/12,0.0,0.0,0.22
006200,(주)한국전자홀딩스,2012/12,0.0,0.0,0.07
006340,대원전선(주),2017/12,1.0,1.0,0.89
006360,지에스건설(주),2013/12,0.0,0.0,0.14
006370,(주)대구백화점,2019/12,0.0,0.0,0.05
006380,(주)카프로,2012/12,0.0,0.0,0.27
006390,한일현대시멘트(주),2012/12,1.0,1.0,0.94
006400,삼성SDI(주),2013/12,1.0,1.0,0.97
006490,(주)인스코비,2012/12,0.0,0.0,0.1
006570,대림통상(주),2012/12,0.0,0.0,0.14
006580,대양제지공업(주),2015/12,1.0,1.0,0.79
006650,대한유화(주),2012/12,1.0,1.0,0.93
006660,삼성공조(주),2018/12,0.0,0.0,0.23
006730,(주)서부티엔디,2012/12,0.0,0.0,0.09
006740,영풍제지(주),2015/12,1.0,1.0,0.97
006840,에이케이홀딩스(주),2020/12,0.0,0.0,0.23
006880,신송홀딩스(주),2016/12,0.0,0.0,0.06
006910,보성파워텍(주),2013/12,0.0,0.0,0.22
006980,(주)우성,2017/12,0.0,0.0,0.26
007110,(주)일신석재,2014/12,0.0,0.0,0.07
007120,(주)미래아이앤지,2013/12,0.0,0.0,0.05
007190,한솔아트원제지(주),2012/12,0.0,0.0,0.16
007210,(주)벽산,2019/12,1.0,1.0,0.91
007280,(주)한국특강,2012/12,0.0,0.0,0.12
007370,진양제약(주),2015/12,0.0,0.0,0.27
007390,(주)네이처셀,2012/12,1.0,1.0,0.8
007460,(주)에이프로젠,2013/12,1.0,1.0,0.7
007530,(주)와이엠,2016/12,0.0,0.0,0.07
007610,선도전기(주),2018/12,0.0,0.0,0.29
007630,(주)폴루스바이오팜,2012/12,0.0,0.0,0.08
007660,(주)이수페타시스,2017/12,0.0,0.0,0.18
007720,(주)대명소노시즌,2012/12,1.0,1.0,0.78
007770,한일화학공업(주),2021/12,1.0,0.0,0.42
007810,(주)코리아써키트,2018/12,1.0,1.0,0.71
007820,(주)에스엠코어,2016/12,1.0,1.0,0.91
007860,(주)서연,2017/12,0.0,0.0,0.19
007980,태평양물산(주),2012/12,1.0,1.0,0.78
008040,사조동아원(주),2012/12,0.0,0.0,0.16
008060,(주)대덕,2020/12,1.0,0.0,0.27
008290,원풍물산(주),2014/12,1.0,1.0,0.82
008350,(주)남선알미늄,2012/12,1.0,1.0,0.68
008420,문배철강(주),2012/12,1.0,1.0,0.81
008470,(주)부-스타,2021/12,0.0,1.0,0.66
008500,일정실업(주),2017/12,0.0,0.0,0.28
008600,(주)윌비스,2012/12,1.0,1.0,0.85
008700,아남전자(주),2012/12,0.0,0.0,0.24
008770,(주)호텔신라,2020/12,1.0,0.0,0.15
008800,(주)행남사,2012/12,1.0,1.0,0.79
008830,대동기어(주),2012/12,0.0,0.0,0.13
008900,(주)티이씨앤코,2012/12,0.0,0.0,0.01
008970,동양철관(주),2013/12,0.0,0.0,0.11
009140,경인전자(주),2017/12,0.0,0.0,0.2
009150,삼성전기(주),2014/12,1.0,1.0,0.76
009190,(주)대양금속,2012/12,0.0,0.0,0.04
009200,무림페이퍼(주),2012/12,1.0,1.0,0.82
009270,(주)신원,2012/12,1.0,1.0,0.98
009310,참엔지니어링(주),2012/12,1.0,1.0,0.66
009320,대우전자부품(주),2012/12,0.0,0.0,0.12
009410,(주)태영건설,2014/12,1.0,1.0,0.77
009420,한올바이오파마(주),2012/12,0.0,0.0,0.18
009440,케이씨그린홀딩스(주),2020/12,1.0,0.0,0.2
009460,(주)한창제지,2012/12,1.0,1.0,0.77
009470,삼화전기(주),2012/12,1.0,1.0,0.79
009520,(주)포스코엠텍,2013/12,0.0,0.0,0.22
009540,에이치디한국조선해양(주),2014/12,0.0,0.0,0.1
009580,무림피앤피(주),2014/12,1.0,1.0,0.96
009620,삼보산업(주),2013/12,0.0,0.0,0.17
009730,(주)코센,2012/12,1.0,1.0,0.64
009770,삼정펄프(주),2018/12,1.0,1.0,0.96
009810,(주)플레이그램,2012/12,0.0,0.0,0.09
009830,한화솔루션(주),2012/12,0.0,0.0,0.34
010060,오씨아이홀딩스(주),2013/12,0.0,0.0,0.12
010100,한국무브넥스(주),2017/12,0.0,0.0,0.09
010140,삼성중공업(주),2015/12,0.0,0.0,0.07
010170,대한광통신(주),2013/12,0.0,0.0,0.12
010280,쌍용정보통신(주),2014/12,0.0,0.0,0.18
010400,(주)우진아이엔에스,2021/12,0.0,1.0,0.57
010580,(주)에스엠벡셀,2012/12,0.0,0.0,0.06
010600,웰바이오텍(주),2014/12,1.0,1.0,0.95
010620,(주)현대미포조선,2013/12,0.0,0.0,0.13
010640,진양폴리우레탄(주),2016/12,0.0,0.0,0.12
010660,화천기계(주),2016/12,1.0,1.0,0.83
010690,(주)화신,2017/12,0.0,0.0,0.12
010770,평화홀딩스(주),2012/12,0.0,0.0,0.17
010820,퍼스텍(주),2016/12,0.0,0.0,0.19
010950,에쓰-오일(주),2014/12,1.0,1.0,0.84
011000,진원생명과학(주),2012/12,0.0,0.0,0.06
011070,LG이노텍(주),2012/12,1.0,1.0,0.97
011080,(주)형지아이앤씨,2012/12,1.0,1.0,0.74
011090,(주)에넥스,2012/12,1.0,1.0,0.77
011160,두산건설(주),2012/12,0.0,0.0,0.04
011200,에이치엠엠(주),2012/12,0.0,0.0,0.06
011210,현대위아(주),2017/12,0.0,0.0,0.22
011230,삼화전자공업(주),2012/12,0.0,0.0,0.07
011280,태림포장(주),2015/12,1.0,1.0,0.73
011300,(주)성안,2012/12,0.0,0.0,0.19
011320,(주)유니크,2018/12,1.0,1.0,0.97
011330,(주)유니켐,2012/12,0.0,0.0,0.02
011390,부산산업(주),2012/12,1.0,1.0,0.8
011420,(주)갤럭시아에스엠,2014/12,1.0,1.0,0.84
011560,(주)세보엠이씨,2019/12,1.0,1.0,0.97
011690,(주)와이투솔루션,2012/12,0.0,0.0,0.21
011720,현대페인트(주),2012/12,0.0,0.0,0.02
011810,(주)STX,2012/12,0.0,0.0,0.11
011930,(주)신성이엔지,2012/12,0.0,0.0,0.06
012030,(주)디비아이엔씨,2014/12,1.0,1.0,0.9
012160,(주)영흥,2016/12,0.0,0.0,0.17
012170,(주)아센디오,2014/12,0.0,0.0,0.03
012280,영화금속(주),2018/12,0.0,0.0,0.22
012320,(주)경동인베스트,2015/12,1.0,1.0,0.96
012340,(주)뉴인텍,2012/12,0.0,0.0,0.04
012450,한화에어로스페이스(주),2014/12,0.0,0.0,0.14
012600,(주)청호ICT,2012/12,0.0,0.0,0.15
012610,(주)경인양행,2020/12,1.0,1.0,0.6
012630,에이치디씨(주),2013/12,1.0,1.0,0.87
012650,쌍용건설(주),2012/12,0.0,0.0,0.02
012690,(주)모나리자,2018/12,1.0,1.0,0.96
012800,(주)대창,2012/12,0.0,0.0,0.19
012860,(주)모베이스전자,2017/12,0.0,0.0,0.11
013310,아진산업(주),2018/12,1.0,1.0,0.76
013360,일성건설(주),2012/12,1.0,1.0,0.83
013520,(주)화승코퍼레이션,2020/12,0.0,1.0,0.65
013580,계룡건설산업(주),2013/12,0.0,0.0,0.1
013700,(주)까뮤이앤씨,2012/12,0.0,0.0,0.09
013720,씨비아이(주),2016/12,0.0,0.0,0.13
013810,(주)스페코,2013/12,1.0,1.0,0.91
013870,지엠비코리아(주),2020/12,1.0,1.0,0.51
013990,(주)아가방앤컴퍼니,2014/12,0.0,0.0,0.16
014100,메디앙스(주),2012/12,0.0,0.0,0.35
014160,대영포장(주),2017/12,1.0,1.0,0.93
014190,(주)원익큐브,2012/12,0.0,0.0,0.18
014200,(주)광림,2014/12,0.0,0.0,0.25
014280,금강공업(주),2019/12,0.0,0.0,0.1
014350,(주)신일건업,2012/12,0.0,0.0,0.1
014470,(주)부방,2017/12,1.0,1.0,0.94
014620,(주)성광벤드,2017/12,0.0,0.0,0.2
014790,에이치엘디앤아이한라(주),2012/12,0.0,0.0,0.11
014910,성문전자(주),2012/12,0.0,0.0,0.1
014940,(주)오리엔탈정공,2012/12,0.0,0.0,0.19
014970,삼륭물산(주),2018/12,1.0,1.0,0.67
014990,(주)인디에프,2012/12,0.0,0.0,0.19
015020,(주)이스타코,2012/12,1.0,1.0,0.67
015260,(주)에이엔피,2016/12,0.0,0.0,0.18
015360,(주)예스코홀딩스,2014/12,1.0,1.0,0.89
015590,케이아이비플러그에너지(주),2014/12,0.0,0.0,0.22
015750,(주)성우하이텍,2020/12,1.0,0.0,0.48
015760,한국전력공사(주),2012/12,0.0,0.0,0.23
015860,일진홀딩스(주),2012/12,1.0,1.0,0.8
015890,태경산업(주),2015/12,1.0,1.0,0.71
016100,(주)리더스코스메틱,2017/12,0.0,0.0,0.24
016250,에스지씨이테크건설(주),2013/12,1.0,1.0,0.78
016380,KG스틸(주),2012/12,0.0,0.0,0.3
016790,(주)카나리아바이오,2020/12,1.0,1.0,0.6
016880,(주)웅진,2012/12,0.0,0.0,0.07
016920,(주)카스,2014/12,0.0,0.0,0.24
017000,신원종합개발(주),2015/12,1.0,1.0,0.8
017180,명문제약(주),2012/12,1.0,1.0,0.93
017370,(주)우신시스템,2018/12,0.0,0.0,0.2
017390,서울도시가스(주),2015/12,0.0,0.0,0.3
017650,(주)대림제지,2015/12,1.0,1.0,0.81
017680,(주)데코앤이,2012/12,0.0,0.0,0.22
017900,광전자(주),2012/12,0.0,0.0,0.23
017940,(주)이원,2015/12,0.0,0.0,0.19
018000,유니슨(주),2012/12,0.0,0.0,0.17
018290,(주)브이티지엠피,2012/12,0.0,0.0,0.12
018470,조일알미늄(주),2014/12,0.0,0.0,0.31
018620,우진비앤지(주),2015/12,0.0,0.0,0.13
018680,(주)서울제약,2015/12,0.0,0.0,0.12
019010,베뉴지(주),2012/12,0.0,0.0,0.1
019170,신풍제약(주),2015/12,1.0,1.0,0.87
019180,(주)티에이치엔,2012/12,0.0,0.0,0.17
019210,(주)와이지-원,2019/12,0.0,0.0,0.18
019440,(주)세아특수강,2020/12,1.0,1.0,0.62
019490,(주)하이트론씨스템즈,2012/12,0.0,0.0,0.24
019540,(주)일지테크,2017/12,0.0,0.0,0.12
019660,글로본(주),2018/12,0.0,0.0,0.23
019680,(주)대교,2020/12,0.0,0.0,0.41
019770,(주)서연탑메탈,2018/12,0.0,0.0,0.07
020120,(주)키다리스튜디오,2012/12,1.0,1.0,0.76
020150,롯데에너지머티리얼즈(주),2012/12,0.0,0.0,0.19
020400,대동금속(주),2012/12,1.0,1.0,0.73
020560,아시아나항공(주),2013/12,0.0,0.0,0.14
020710,(주)시공테크,2015/12,0.0,0.0,0.19
020760,일진디스플레이(주),2015/12,0.0,0.0,0.08
021040,(주)대호특수강,2012/12,0.0,0.0,0.15
021050,(주)서원,2012/12,0.0,0.0,0.22
021320,(주)케이씨씨건설,2012/12,0.0,0.0,0.16
022220,티케이지애강(주),2012/12,0.0,0.0,0.25
023150,(주)MH에탄올,2013/12,1.0,1.0,0.94
023160,(주)태광,2020/12,1.0,1.0,0.64
023410,유진기업(주),2012/12,1.0,1.0,0.94
023430,아이이(주),2012/12,1.0,1.0,0.75
023440,제이스코홀딩스(주),2012/12,0.0,0.0,0.05
023530,롯데쇼핑(주),2019/12,0.0,0.0,0.2
023770,(주)플레이위드코리아,2012/12,0.0,0.0,0.07
023790,동일철강(주),2012/12,0.0,0.0,0.2
023800,인지컨트롤스(주),2019/12,0.0,0.0,0.15
023810,(주)인팩,2017/12,1.0,1.0,0.89
023960,에쓰씨엔지니어링(주),2012/12,0.0,0.0,0.12
024060,흥구석유(주),2013/12,1.0,1.0,0.71
024070,(주)위스컴,2018/12,1.0,1.0,0.89
024090,디씨엠(주),2014/12,1.0,1.0,0.91
024120,KB오토시스(주),2021/12,1.0,0.0,0.48
024660,(주)하림홀딩스,2012/12,1.0,1.0,0.9
024740,한일단조공업(주),2012/12,1.0,1.0,0.95
024800,(주)유성티엔에스,2012/12,1.0,1.0,0.78
024810,이화전기공업(주),2012/12,0.0,0.0,0.06
024830,(주)세원물산,2012/12,0.0,0.0,0.26
024840,케이비아이메탈(주),2012/12,1.0,1.0,0.99
024850,에이치엘비이노베이션(주),2014/12,0.0,0.0,0.15
024880,(주)케이피에프,2020/12,0.0,1.0,0.53
024890,대원화성(주),2012/12,1.0,1.0,0.79
024900,덕양산업(주),2012/12,0.0,0.0,0.27
024910,경창산업(주),2012/12,1.0,1.0,0.79
024940,(주)피엔풍년,2019/12,1.0,1.0,0.97
024950,삼천리자전거(주),2017/12,0.0,0.0,0.12
025270,부산방직공업(주),2014/12,0.0,0.0,0.17
025320,(주)시노펙스,2012/12,1.0,1.0,0.97
025440,(주)디에이치오토웨어,2012/12,0.0,0.0,0.15
025560,미래산업(주),2012/12,0.0,0.0,0.04
025620,제이준코스메틱(주),2012/12,0.0,0.0,0.06
025750,(주)한솔홈데코,2012/12,1.0,1.0,0.95
025820,이구산업(주),2012/12,0.0,0.0,0.11
025850,한화화인케미칼(주),2012/12,0.0,0.0,0.13
025860,남해화학(주),2012/12,1.0,1.0,0.98
025870,신라에스지(주),2012/12,1.0,1.0,0.81
025880,(주)케이씨피드,2014/12,0.0,0.0,0.24
025890,한국주강(주),2013/12,1.0,1.0,0.95
025900,동화기업(주),2012/12,0.0,0.0,0.13
025950,동신건설(주),2019/12,1.0,1.0,0.74
025980,(주)아난티,2012/12,0.0,0.0,0.05
026040,(주)제이에스티나,2017/12,0.0,0.0,0.23
026150,(주)특수건설,2012/12,0.0,0.0,0.16
026180,현대정보기술(주),2012/12,0.0,0.0,0.08
026260,(주)위너지스,2012/12,0.0,0.0,0.04
026910,광진실업(주),2013/12,1.0,1.0,0.92
027040,서울전자통신(주),2012/12,0.0,0.0,0.16
027050,(주)코리아나화장품,2012/12,0.0,0.0,0.23
027390,(주)한화갤러리아타임월드,2016/12,0.0,0.0,0.09
027580,(주)상보,2014/12,0.0,0.0,0.29
027710,(주)팜스토리,2013/12,1.0,1.0,0.81
027740,(주)마니커,2012/12,0.0,0.0,0.16
027970,한국제지(주),2012/12,0.0,0.0,0.14
028040,(주)미래SCI,2012/12,0.0,0.0,0.05
028080,(주)휴맥스홀딩스,2021/12,0.0,0.0,0.26
028260,삼성물산(주),2015/12,0.0,0.0,0.23
028300,에이치엘비(주),2012/12,0.0,0.0,0.16
028670,팬오션(주),2012/12,0.0,0.0,0.07
029480,(주)광무,2012/12,0.0,0.0,0.01
029530,(주)신도리코,2020/12,1.0,0.0,0.39
030200,(주)케이티,2014/12,1.0,1.0,0.89
030270,(주)에스마크,2012/12,1.0,1.0,0.7
030350,(주)드래곤플라이,2013/12,1.0,1.0,0.88
030720,동원수산(주),2012/12,0.0,0.0,0.11
030790,비케이탑스(주),2012/12,0.0,0.0,0.07
031310,(주)아이즈비전,2012/12,1.0,1.0,0.83
031330,(주)에스에이엠티,2014/12,1.0,1.0,0.8
031390,(주)녹십자셀,2013/12,1.0,1.0,0.81
031440,(주)신세계푸드,2020/12,1.0,1.0,0.53
031510,(주)오스템,2014/12,1.0,1.0,0.76
031820,(주)콤텍시스템,2013/12,0.0,0.0,0.23
031860,에스유홀딩스(주),2013/12,0.0,0.0,0.04
031980,피에스케이홀딩스(주),2020/12,1.0,0.0,0.45
032040,(주)씨앤에스자산관리,2014/12,0.0,0.0,0.1
032080,(주)아즈텍더블유비이,2013/12,1.0,1.0,0.98
032280,(주)삼일,2015/12,1.0,1.0,0.8
032350,롯데관광개발(주),2019/12,0.0,0.0,0.08
032420,(주)터보테크,2012/12,0.0,0.0,0.02
032500,(주)케이엠더블유,2014/12,0.0,0.0,0.1
032540,티제이미디어(주),2014/12,1.0,1.0,0.96
032580,(주)피델릭스,2015/12,0.0,0.0,0.25
032640,(주)엘지유플러스,2012/12,1.0,1.0,0.81
032680,(주)소프트센,2015/12,1.0,1.0,0.74
032790,(주)엠젠솔루션,2012/12,0.0,0.0,0.07
032820,(주)우리기술,2012/12,0.0,0.0,0.07
032850,(주)비트컴퓨터,2018/12,1.0,1.0,0.78
032860,더라미(주),2012/12,0.0,0.0,0.21
032940,(주)원익,2012/12,0.0,0.0,0.13
032960,(주)동일기연,2018/12,1.0,1.0,0.82
032980,바이온(주),2017/12,0.0,0.0,0.09
033050,제이엠아이(주),2012/12,0.0,0.0,0.04
033100,제룡전기(주),2016/12,0.0,0.0,0.14
033110,(주)코너스톤네트웍스,2012/12,1.0,1.0,0.92
033170,시그네틱스(주),2014/12,1.0,1.0,0.84
033180,(주)케이에이치필룩스,2018/12,0.0,0.0,0.1
033230,(주)인성정보,2015/12,1.0,1.0,0.83
033240,자화전자(주),2018/12,0.0,0.0,0.25
033290,코웰패션(주),2013/12,0.0,0.0,0.09
033310,(주)엠투엔,2019/12,0.0,0.0,0.08
033320,제이씨현시스템(주),2012/12,1.0,1.0,0.99
033340,(주)좋은사람들,2013/12,1.0,1.0,0.98
033430,디에스티(주),2012/12,0.0,0.0,0.09
033500,(주)동성화인텍,2017/12,0.0,0.0,0.06
033530,세종공업(주),2017/12,0.0,0.0,0.3
033540,(주)파라텍,2018/12,0.0,0.0,0.29
033560,(주)블루콤,2019/12,0.0,0.0,0.15
033600,럭슬(주),2012/12,0.0,0.0,0.11
033640,(주)네패스,2013/12,0.0,0.0,0.23
033790,(주)스카이문스테크놀로지,2012/12,0.0,0.0,0.18
033920,(주)무학,2018/12,0.0,0.0,0.14
034020,두산에너빌리티(주),2015/12,1.0,1.0,0.92
034120,(주)에스비에스,2014/12,1.0,1.0,0.92
034220,엘지디스플레이(주),2019/12,0.0,0.0,0.13
034230,(주)파라다이스,2017/12,0.0,0.0,0.12
034300,신세계건설(주),2013/12,1.0,1.0,0.74
034730,에스케이(주),2020/12,1.0,1.0,0.64
034940,조아제약(주),2014/12,0.0,0.0,0.16
035080,(주)그래디언트,2020/12,0.0,1.0,0.53
035250,(주)강원랜드,2020/12,0.0,0.0,0.32
035290,(주)골드앤에스,2012/12,0.0,0.0,0.15
035460,(주)기산텔레콤,2012/12,1.0,1.0,0.95
035480,(주)제이테크놀로지,2012/12,0.0,0.0,0.03
035610,(주)솔본,2012/12,0.0,0.0,0.16
035620,(주)바른손이앤에이,2013/12,0.0,0.0,0.07
035810,(주)이지홀딩스,2013/12,1.0,1.0,0.82
035890,(주)서희건설,2012/12,1.0,1.0,0.93
035900,(주)제이와이피엔터테인먼트,2013/12,1.0,1.0,0.77
036000,(주)예림당,2019/12,0.0,0.0,0.11
036010,아비코전자(주),2012/12,1.0,1.0,0.88
036030,(주)케이티알파,2012/12,1.0,1.0,0.98
036090,(주)위지트,2019/12,0.0,0.0,0.05
036170,(주)클라우드에어,2012/12,1.0,1.0,0.88
036180,지더블유바이텍(주),2012/12,1.0,1.0,0.98
036210,태산엘시디(주),2012/12,0.0,0.0,0.09
036220,(주)인포피아,2012/12,0.0,0.0,0.24
036260,(주)이매진아시아,2012/12,0.0,0.0,0.04
036420,(주)콘텐트리중앙,2020/12,0.0,0.0,0.06
036490,에스케이 머티리얼즈(주),2013/12,1.0,1.0,0.76
036500,(주)에스에스컴텍,2014/12,0.0,0.0,0.22
036540,(주)에스에프에이반도체,2013/12,1.0,1.0,0.75
036580,(주)팜스코,2013/12,1.0,1.0,0.93
036620,감성코퍼레이션(주),2012/12,0.0,0.0,0.06
036630,세종텔레콤(주),2012/12,0.0,0.0,0.13
036690,(주)코맥스,2021/12,0.0,1.0,0.52
036710,(주)심텍홀딩스,2013/12,1.0,1.0,0.65
036930,주성엔지니어링(주),2012/12,0.0,0.0,0.0
037230,(주)한국팩키지,2012/12,0.0,0.0,0.23
037270,(주)와이지플러스,2014/12,0.0,0.0,0.16
037340,(주)씨엘인터내셔널,2013/12,0.0,0.0,0.13
037370,(주)이지,2012/12,1.0,1.0,0.87
037400,우리엔터프라이즈(주),2014/12,1.0,1.0,0.94
037460,삼지전자(주),2014/12,1.0,1.0,0.87
037760,(주)쎄니트,2020/12,1.0,0.0,0.4
037950,엘컴텍(주),2012/12,0.0,0.0,0.05
038010,(주)제일테크노스,2020/12,0.0,0.0,0.34
038060,(주)루멘스,2017/12,0.0,0.0,0.16
038110,에코플라스틱(주),2017/12,0.0,0.0,0.3
038290,(주)마크로젠,2019/12,1.0,1.0,0.77
038340,(주)무궁화인포메이션테크놀로지,2012/12,0.0,0.0,0.15
038460,(주)바이오스마트,2020/12,1.0,1.0,0.64
038500,(주)삼표시멘트,2012/12,0.0,0.0,0.17
038530,(주)케이바이오컴퍼니,2013/12,0.0,0.0,0.14
038620,위즈코프(주),2012/12,0.0,0.0,0.14
038680,에스넷시스템(주),2015/12,0.0,0.0,0.17
038880,(주)아이에이,2012/12,0.0,0.0,0.02
038950,(주)파인디지털,2015/12,0.0,0.0,0.24
039010,현대에이치티(주),2013/12,1.0,1.0,0.77
039020,(주)이건홀딩스,2012/12,0.0,0.0,0.19
039130,(주)하나투어,2019/12,0.0,0.0,0.2
039200,(주)오스코텍,2012/12,0.0,0.0,0.12
039230,에이아이비트(주),2012/12,0.0,0.0,0.07
039290,인포뱅크(주),2013/12,0.0,0.0,0.21
039530,(주)씨앤케이인터내셔널,2013/12,0.0,0.0,0.2
039560,(주)다산네트웍스,2014/12,0.0,0.0,0.17
039740,한국정보공학(주),2012/12,1.0,1.0,0.85
039790,(주)위노바,2012/12,0.0,0.0,0.19
039840,(주)디오,2013/12,0.0,0.0,0.15
039850,(주)태창파로스,2012/12,0.0,0.0,0.08
039860,(주)나노엔텍,2012/12,0.0,0.0,0.1
039980,(주)리노스,2019/12,0.0,0.0,0.24
040160,(주)누리플렉스,2012/12,1.0,1.0,0.81
040300,(주)와이티엔,2014/12,0.0,0.0,0.11
040350,(주)큐로컴,2012/12,0.0,0.0,0.22
040610,(주)에스지엔지,2018/12,0.0,0.0,0.14
040670,(주)와이즈파워,2012/12,0.0,0.0,0.03
041440,(주)현대에버다임,2021/12,1.0,1.0,0.67
041520,(주)이라이콤,2017/12,1.0,1.0,0.88
041590,(주)플래스크,2015/12,0.0,0.0,0.1
041910,(주)에스텍파마,2014/12,0.0,0.0,0.1
041960,(주)코미팜,2012/12,0.0,0.0,0.1
042000,카페24(주),2021/12,0.0,0.0,0.17
042040,(주)케이피엠테크,2012/12,0.0,0.0,0.04
042600,(주)새로닉스,2017/12,1.0,1.0,0.79
042660,한화오션(주),2012/12,0.0,0.0,0.2
042670,에이치디현대인프라코어(주),2012/12,1.0,1.0,0.86
042940,(주)상지카일룸,2012/12,0.0,0.0,0.02
043090,(주)엑서지21,2014/12,0.0,0.0,0.25
043100,(주)솔고바이오메디칼,2012/12,0.0,0.0,0.05
043200,(주)파루,2012/12,0.0,0.0,0.08
043220,(주)티에스넥스젠,2012/12,0.0,0.0,0.07
043260,성호전자(주),2012/12,0.0,0.0,0.15
043290,케이맥(주),2012/12,1.0,1.0,0.92
043340,(주)에쎈테크,2012/12,1.0,1.0,0.97
043360,(주)디지아이,2012/12,0.0,0.0,0.23
043580,(주)에임하이글로벌,2014/12,0.0,0.0,0.16
043590,웰킵스하이텍(주),2013/12,0.0,0.0,0.09
043610,(주)지니뮤직,2013/12,1.0,1.0,0.88
043650,(주)국순당,2015/12,0.0,0.0,0.18
043710,(주)서울리거,2013/12,0.0,0.0,0.15
043910,(주)자연과환경,2012/12,0.0,0.0,0.15
044180,KD(주),2013/12,0.0,0.0,0.05
044340,(주)위닉스,2015/12,0.0,0.0,0.08
044380,(주)주연테크,2012/12,0.0,0.0,0.25
044480,(주)블레이드엔터테인먼트,2014/12,0.0,0.0,0.13
044490,(주)태웅,2013/12,1.0,1.0,0.99
044780,(주)에이치케이,2015/12,1.0,1.0,0.96
044820,코스맥스비티아이(주),2019/12,0.0,0.0,0.08
045300,성우테크론(주),2012/12,0.0,0.0,0.14
045340,(주)토탈소프트뱅크,2012/12,0.0,0.0,0.13
045520,(주)크린앤사이언스,2021/12,0.0,1.0,0.54
045890,(주)금빛,2012/12,1.0,1.0,0.87
045970,(주)코아시아,2012/12,0.0,0.0,0.14
046070,(주)코다코,2017/12,0.0,0.0,0.08
046110,한일네트웍스(주),2014/12,1.0,1.0,0.87
046120,(주)오르비텍,2013/12,0.0,0.0,0.06
046210,에이치엘비파나진(주),2012/12,0.0,0.0,0.04
046310,(주)백금티앤에이,2013/12,0.0,0.0,0.13
046400,디브이에스코리아(주),2012/12,1.0,1.0,0.77
046890,서울반도체(주),2014/12,1.0,1.0,0.86
046940,우원개발(주),2013/12,1.0,1.0,0.93
046970,(주)우리로,2013/12,0.0,0.0,0.05
047040,(주)대우건설,2013/12,1.0,1.0,0.83
047080,(주)한빛소프트,2015/12,0.0,0.0,0.18
047310,(주)파워로직스,2013/12,1.0,1.0,0.93
047400,유니온머티리얼(주),2018/12,1.0,1.0,0.89
047440,레이젠(주),2012/12,0.0,0.0,0.21
047560,(주)이스트소프트,2016/12,0.0,0.0,0.19
047770,(주)코데즈컴바인,2012/12,0.0,0.0,0.07
047810,한국항공우주산업(주),2017/12,1.0,1.0,0.74
047820,(주)초록뱀미디어,2017/12,0.0,0.0,0.15
047920,에이치엘비제약(주),2016/12,0.0,0.0,0.21
048410,현대바이오사이언스(주),2012/12,0.0,0.0,0.08
048430,(주)유라테크,2020/12,1.0,1.0,0.72
048470,(주)대동스틸,2012/12,1.0,1.0,0.92
048530,(주)인트론바이오테크놀로지,2012/12,0.0,0.0,0.16
048550,(주)에스엠컬처앤콘텐츠,2021/12,1.0,0.0,0.29
048770,(주)티피씨메카트로닉스,2016/12,1.0,1.0,0.96
048830,(주)엔피케이,2015/12,1.0,1.0,0.74
048870,(주)시너지이노베이션,2012/12,0.0,0.0,0.18
048910,대원미디어(주),2013/12,1.0,1.0,0.75
049070,인탑스(주),2014/12,1.0,1.0,0.91
049080,(주)기가레인,2015/12,0.0,0.0,0.14
049120,(주)파인디앤씨,2012/12,0.0,0.0,0.11
049180,(주)셀루메드,2013/12,0.0,0.0,0.17
049470,에스지에이(주),2012/12,1.0,1.0,0.88
049480,(주)오픈베이스,2018/12,1.0,1.0,0.9
049520,유아이엘(주),2020/12,0.0,1.0,0.67
049550,(주)잉크테크,2013/12,0.0,0.0,0.14
049630,재영솔루텍(주),2012/12,0.0,0.0,0.28
049800,(주)우진플라임,2014/12,0.0,0.0,0.14
049830,(주)승일,2019/12,1.0,1.0,0.97
049950,(주)미래컴퍼니,2013/12,0.0,0.0,0.18
050090,(주)비케이홀딩스,2012/12,0.0,0.0,0.18
050110,(주)캠시스,2016/12,1.0,1.0,0.7
050120,(주)ES큐브,2013/12,1.0,1.0,0.73
050320,에스에이치엔엘(주),2012/12,0.0,0.0,0.17
050760,(주)에스폴리텍,2014/12,0.0,0.0,0.12
050890,(주)쏠리드,2016/12,1.0,1.0,0.63
051160,(주)지어소프트,2012/12,0.0,0.0,0.2
051170,(주)썬코어,2012/12,0.0,0.0,0.15
051310,(주)포스코플랜텍,2012/12,0.0,0.0,0.19
051360,(주)토비스,2020/12,0.0,1.0,0.71
051370,(주)인터플렉스,2013/12,0.0,0.0,0.27
051380,(주)피씨디렉트,2013/12,1.0,1.0,0.89
051500,씨제이프레시웨이(주),2020/12,1.0,1.0,0.51
051630,진양화학(주),2017/12,0.0,0.0,0.24
051780,(주)큐로홀딩스,2012/12,0.0,0.0,0.15
051980,(주)중앙첨단소재,2013/12,0.0,0.0,0.17
052020,(주)에스티큐브,2012/12,0.0,0.0,0.17
052190,(주)세영디앤씨,2015/12,0.0,0.0,0.04
052260,(주)현대바이오랜드,2020/12,1.0,0.0,0.29
052270,(주)우전,2014/12,0.0,0.0,0.06
052290,(주)트레이스,2012/12,0.0,0.0,0.18
052300,(주)씨티프라퍼티,2012/12,1.0,1.0,0.88
052330,(주)코텍,2020/12,0.0,1.0,0.62
052400,코나아이(주),2016/12,0.0,0.0,0.34
052420,오성첨단소재(주),2012/12,0.0,0.0,0.04
052460,아이크래프트(주),2019/12,1.0,1.0,0.97
052670,(주)제일바이오,2020/12,0.0,1.0,0.64
052710,(주)아모텍,2014/12,1.0,1.0,0.97
052770,(주)아이톡시,2020/12,0.0,0.0,0.49
052860,(주)아이앤씨테크놀로지,2012/12,0.0,0.0,0.19
052900,(주)케이엑스하이텍,2012/12,0.0,0.0,0.06
053030,(주)바이넥스,2012/12,0.0,0.0,0.09
053060,(주)세동,2012/12,0.0,0.0,0.21
053110,(주)소리바다,2017/12,0.0,0.0,0.11
053160,(주)프리엠스,2019/12,0.0,0.0,0.26
053280,예스이십사(주),2017/12,0.0,0.0,0.24
053290,(주)엔이능률,2018/12,1.0,1.0,0.98
053330,(주)영진코퍼레이션,2012/12,0.0,0.0,0.03
053350,이니텍(주),2021/12,0.0,0.0,0.49
053450,(주)세코닉스,2017/12,1.0,1.0,0.92
053590,(주)한국테크놀로지,2012/12,0.0,0.0,0.05
053620,(주)태양,2018/12,1.0,1.0,0.98
053660,현진소재(주),2012/12,0.0,0.0,0.18
053700,삼보모터스(주),2019/12,1.0,1.0,0.77
053810,(주)아이팩토리,2012/12,0.0,0.0,0.05
053870,(주)지티앤티,2012/12,0.0,0.0,0.09
053950,경남제약(주),2013/12,1.0,1.0,0.74
053980,오상자이엘(주),2016/12,1.0,1.0,0.73
054040,한국컴퓨터(주),2018/12,1.0,1.0,0.97
054090,(주)삼진엘앤디,2014/12,1.0,1.0,0.84
054180,(주)메디콕스,2021/12,0.0,0.0,0.04
054210,(주)이랜텍,2017/12,0.0,0.0,0.2
054300,(주)팬스타엔터프라이즈,2013/12,0.0,0.0,0.07
054340,(주)피앤텔,2012/12,0.0,0.0,0.22
054410,(주)케이피티유,2014/12,1.0,1.0,0.84
054450,(주)텔레칩스,2012/12,0.0,0.0,0.29
054540,삼영엠텍(주),2017/12,0.0,0.0,0.26
054620,(주)에이피에스,2017/12,0.0,0.0,0.19
054630,(주)에이디칩스,2012/12,0.0,0.0,0.17
054780,(주)키이스트,2013/12,1.0,1.0,0.98
054920,(주)한컴위드,2013/12,0.0,0.0,0.05
054940,(주)엑사이엔씨,2012/12,1.0,1.0,0.79
056080,(주)유진로봇,2012/12,0.0,0.0,0.11
056090,이노시스(주),2016/12,0.0,0.0,0.15
056340,(주)씨유전자,2012/12,0.0,0.0,0.08
056360,코위버(주),2018/12,1.0,1.0,0.87
056700,신화인터텍(주),2014/12,1.0,1.0,0.81
056730,씨앤티85(주),2012/12,0.0,0.0,0.1
057030,(주)와이비엠넷,2015/12,0.0,0.0,0.26
057500,에스케이씨솔믹스(주),2012/12,0.0,0.0,0.08
057540,옴니시스템(주),2012/12,0.0,0.0,0.08
057680,(주)티사이언티픽,2013/12,1.0,1.0,0.68
057880,(주)피에이치씨,2012/12,0.0,0.0,0.27
058110,(주)멕아이씨에스,2016/12,0.0,0.0,0.11
058220,(주)아리온테크놀로지,2016/12,0.0,0.0,0.05
058370,(주)비엔씨컴퍼니,2012/12,0.0,0.0,0.07
058430,포스코스틸리온(주),2012/12,0.0,0.0,0.19
058450,(주)엔터파트너즈,2012/12,1.0,1.0,0.81
058530,파나케이아(주),2012/12,1.0,1.0,0.98
058650,(주)세아홀딩스,2020/12,1.0,0.0,0.46
058730,다스코(주),2020/12,1.0,0.0,0.23
058820,(주)CMG제약,2012/12,0.0,0.0,0.1
059090,(주)미코,2013/12,0.0,0.0,0.05
059100,(주)아이컴포넌트,2012/12,0.0,0.0,0.09
059210,(주)메타바이오메드,2014/12,1.0,1.0,0.76
060150,인선이엔티(주),2012/12,0.0,0.0,0.17
060230,소니드(주),2012/12,1.0,1.0,0.93
060240,(주)룽투코리아,2013/12,0.0,0.0,0.17
060260,(주)뉴보텍,2014/12,1.0,1.0,0.91
060280,큐렉소(주),2012/12,0.0,0.0,0.03
060300,(주)레드로버,2012/12,1.0,1.0,0.63
060370,엘에스마린솔루션(주),2018/12,1.0,1.0,0.87
060380,(주)동양에스텍,2012/12,1.0,1.0,0.98
060480,국일신동(주),2019/12,0.0,0.0,0.15
060540,(주)에스에이티,2012/12,0.0,0.0,0.15
060560,(주)홈센타홀딩스,2012/12,1.0,1.0,0.78
060570,(주)드림어스컴퍼니,2012/12,0.0,0.0,0.19
060590,(주)씨티씨바이오,2014/12,1.0,1.0,0.79
060720,(주)케이에이치바텍,2016/12,0.0,0.0,0.1
060900,대한그린파워(주),2012/12,0.0,0.0,0.15
060910,(주)프리젠,2012/12,0.0,0.0,0.07
061040,(주)알에프텍,2014/12,1.0,1.0,0.69
061460,(주)한진피앤씨,2012/12,0.0,0.0,0.08
061970,엘비세미콘(주),2013/12,0.0,0.0,0.08
062860,(주)티엘아이,2013/12,1.0,1.0,0.86
062970,(주)피피아이,2020/12,0.0,0.0,0.33
063160,(주)종근당바이오,2014/12,1.0,1.0,0.95
063170,(주)서울옥션,2019/12,0.0,0.0,0.2
063440,(주)에스엠라이프디자인그룹,2012/12,0.0,0.0,0.13
063760,(주)이엘피,2021/12,0.0,0.0,0.5
064090,(주)웨스트라이즈,2012/12,0.0,0.0,0.1
064240,(주)홈캐스트,2012/12,0.0,0.0,0.29
064260,(주)다날,2012/12,0.0,0.0,0.19
064290,(주)인텍플러스,2013/12,0.0,0.0,0.1
064350,현대로템(주),2014/12,0.0,0.0,0.25
064480,(주)브리지텍,2017/12,1.0,1.0,0.9
064520,(주)테크엘,2017/12,0.0,0.0,0.1
064550,(주)바이오니아,2012/12,0.0,0.0,0.1
064800,(주)젬백스링크,2012/12,0.0,0.0,0.19
064820,(주)케이프,2012/12,0.0,0.0,0.08
065060,(주)지엔코,2015/12,0.0,0.0,0.09
065130,(주)탑엔지니어링,2020/12,0.0,1.0,0.62
065150,(주)대산에프앤비,2015/12,0.0,0.0,0.12
065160,(주)에프티이앤이,2012/12,0.0,0.0,0.15
065170,(주)비엘팜텍,2015/12,1.0,1.0,0.88
065180,(주)해피드림,2012/12,0.0,0.0,0.17
065270,(주)플렉스컴,2014/12,0.0,0.0,0.11
065420,(주)에스아이리소스,2012/12,1.0,1.0,0.72
065440,(주)이루온,2012/12,1.0,1.0,0.67
065450,(주)빅텍,2012/12,1.0,1.0,0.86
065500,(주)오리엔트정공,2012/12,0.0,0.0,0.2
065560,(주)녹원씨엔아이,2012/12,0.0,0.0,0.13
065570,삼영이엔씨(주),2019/12,0.0,0.0,0.23
065620,(주)제낙스,2012/12,0.0,0.0,0.09
065650,(주)메디프론디비티,2012/12,0.0,0.0,0.19
065660,(주)안트로젠,2018/12,0.0,0.0,0.18
065680,(주)우주일렉트로닉스,2018/12,1.0,1.0,0.94
065690,(주)파커스,2013/12,1.0,1.0,0.87
065770,(주)씨에스,2012/12,0.0,0.0,0.16
065940,(주)바이오빌,2012/12,0.0,0.0,0.11
065950,(주)웰크론,2014/12,1.0,1.0,0.86
066110,(주)한프,2012/12,0.0,0.0,0.11
066130,(주)하츠,2012/12,0.0,0.0,0.2
066270,에스케이커뮤니케이션즈(주),2012/12,0.0,0.0,0.1
066310,(주)큐에스아이,2018/12,1.0,1.0,0.79
066350,(주)티에스엠텍,2013/12,0.0,0.0,0.02
066360,(주)체리부로,2018/12,0.0,0.0,0.16
066410,(주)버킷스튜디오,2012/12,1.0,1.0,0.96
066430,(주)와이오엠,2018/12,0.0,0.0,0.17
066590,우수AMS(주),2012/12,1.0,1.0,0.96
066700,(주)테라젠이텍스,2012/12,1.0,1.0,0.8
066790,(주)씨씨에스충북방송,2012/12,0.0,0.0,0.07
066900,(주)디에이피,2019/12,1.0,1.0,0.98
066910,(주)손오공,2012/12,0.0,0.0,0.16
066970,(주)엘앤에프,2012/12,0.0,0.0,0.19
066980,한성크린텍(주),2012/12,0.0,0.0,0.02
067080,대화제약(주),2020/12,1.0,0.0,0.36
067170,(주)오텍,2021/12,0.0,0.0,0.46
067250,STX조선해양(주),2012/12,0.0,0.0,0.07
067290,제이더블유신약(주),2012/12,0.0,0.0,0.09
067310,하나마이크론(주),2012/12,0.0,0.0,0.05
067390,(주)아스트,2020/12,0.0,0.0,0.1
067570,엔브이에이치코리아(주),2018/12,1.0,1.0,0.83
067630,에이치엘비생명과학(주),2012/12,0.0,0.0,0.02
067770,(주)세진티에스,2012/12,0.0,0.0,0.29
067920,(주)이글루코퍼레이션,2013/12,0.0,0.0,0.33
067990,도이치모터스(주),2013/12,0.0,0.0,0.23
068050,(주)팬엔터테인먼트,2013/12,0.0,0.0,0.1
068150,(주)케이엔씨글로벌,2012/12,0.0,0.0,0.12
068240,(주)다원시스,2021/12,0.0,0.0,0.33
068290,(주)삼성출판사,2020/12,1.0,0.0,0.5
068760,(주)셀트리온제약,2015/12,0.0,0.0,0.16
068790,(주)디엠에스,2012/12,0.0,0.0,0.09
068940,(주)셀피글로벌,2014/12,0.0,0.0,0.15
069140,(주)누리플랜,2012/12,0.0,0.0,0.12
069330,(주)유아이디,2015/12,0.0,0.0,0.08
069410,(주)엔텔스,2015/12,1.0,1.0,0.93
069460,(주)대호에이엘,2012/12,0.0,0.0,0.29
069510,에스텍(주),2021/12,1.0,0.0,0.46
069540,(주)라이트론,2015/12,1.0,1.0,0.97
069640,한세엠케이(주),2019/12,0.0,0.0,0.27
069730,디에스알제강(주),2012/12,1.0,1.0,0.95
069920,(주)아이에스이커머스,2012/12,0.0,0.0,0.21
070300,엑스큐어(주),2012/12,1.0,1.0,0.93
070480,에버테크노(주),2012/12,0.0,0.0,0.09
070590,한솔인티큐브(주),2012/12,1.0,1.0,0.96
070960,HJ 매그놀리아 용평 호텔 앤 리조트,2019/12,0.0,0.0,0.06
071090,(주)하이스틸,2013/12,0.0,0.0,0.27
071200,(주)인피니트헬스케어,2012/12,1.0,1.0,0.85
071280,로체시스템즈(주),2012/12,1.0,1.0,0.88
071320,한국지역난방공사,2018/12,0.0,0.0,0.18
071460,(주)위니아,2018/12,1.0,1.0,0.99
071670,에이테크솔루션(주),2012/12,0.0,0.0,0.18
071850,(주)캐스텍코리아,2019/12,0.0,0.0,0.07
071930,에이스하이텍(주),2013/12,0.0,0.0,0.06
071950,(주)코아스,2013/12,1.0,1.0,0.95
071970,STX중공업(주),2013/12,0.0,0.0,0.02
072130,유엔젤(주),2012/12,1.0,1.0,0.83
072470,우리산업홀딩스(주),2021/12,0.0,0.0,0.5
072520,(주)제넨바이오,2013/12,0.0,0.0,0.25
072770,(주)율호,2015/12,1.0,1.0,0.82
072870,메가스터디(주),2016/12,0.0,0.0,0.28
073010,(주)케이에스피,2013/12,0.0,0.0,0.29
073070,(주)에이팸,2018/12,0.0,0.0,0.23
073110,(주)엘엠에스,2020/12,0.0,0.0,0.43
073190,(주)듀오백,2012/12,1.0,1.0,0.91
073240,금호타이어(주),2017/12,0.0,0.0,0.07
073490,(주)이노와이어리스,2014/12,0.0,0.0,0.25
073540,(주)에프알텍,2015/12,0.0,0.0,0.21
073570,(주)리튬포어스,2012/12,0.0,0.0,0.06
073640,테라사이언스(주),2012/12,0.0,0.0,0.1
074000,엠텍비젼(주),2012/12,0.0,0.0,0.05
074130,(주)디아이디,2013/12,0.0,0.0,0.18
074150,(주)엠제이비,2012/12,1.0,1.0,0.68
074430,(주)아미노로직스,2012/12,0.0,0.0,0.08
074610,(주)이엔플러스,2012/12,1.0,1.0,0.84
075180,새론오토모티브(주),2019/12,0.0,0.0,0.22
075580,(주)세진중공업,2020/12,0.0,1.0,0.55
075970,(주)동국알앤에스,2015/12,1.0,1.0,0.99
076080,(주)웰크론한텍,2014/12,1.0,1.0,0.78
076610,해성옵틱스(주),2017/12,0.0,0.0,0.14
077280,(주)한컴지엠디,2012/12,0.0,0.0,0.06
077970,STX엔진(주),2012/12,0.0,0.0,0.24
078130,국일제지(주),2012/12,0.0,0.0,0.19
078150,(주)에이치비테크놀러지,2021/12,1.0,0.0,0.42
078160,메디포스트(주),2012/12,0.0,0.0,0.21
078350,한양디지텍(주),2012/12,1.0,1.0,0.63
078520,(주)에이블씨엔씨,2018/12,1.0,1.0,0.95
078590,(주)휴림에이텍,2019/12,0.0,0.0,0.21
078600,대주전자재료(주),2013/12,0.0,0.0,0.1
078780,(주)아이디에스,2012/12,0.0,0.0,0.17
078860,(주)아이오케이컴퍼니,2017/12,0.0,0.0,0.09
078930,(주)지에스,2014/12,1.0,1.0,0.85
078940,퀀타피아(주),2012/12,0.0,0.0,0.16
079160,씨제이씨지브이(주),2019/12,0.0,0.0,0.16
079170,한창산업(주),2012/12,1.0,1.0,0.95
079190,(주)케스피온,2012/12,1.0,1.0,0.92
079550,엘아이지넥스원(주),2017/12,1.0,1.0,0.88
079650,(주)서산,2018/12,0.0,0.0,0.23
079660,(주)사조해표,2012/12,0.0,0.0,0.22
079810,(주)디이엔티,2013/12,0.0,0.0,0.26
079950,인베니아(주),2012/12,1.0,1.0,0.66
079970,(주)투비소프트,2017/12,0.0,0.0,0.06
079980,(주)휴비스,2019/12,1.0,1.0,0.95
080000,에스엔유프리시젼(주),2012/12,1.0,1.0,0.74
080160,(주)모두투어네트워크,2019/12,0.0,0.0,0.24
080220,(주)제주반도체,2012/12,0.0,0.0,0.14
080440,(주)에스제이케이,2012/12,0.0,0.0,0.1
080470,(주)성창오토텍,2018/12,0.0,0.0,0.21
080530,(주)코디,2012/12,0.0,0.0,0.08
080580,(주)오킨스전자,2015/12,0.0,0.0,0.1
080720,한국유니온제약(주),2020/12,0.0,0.0,0.46
081220,세미텍(주),2012/12,0.0,0.0,0.18
081580,성우전자(주),2019/12,0.0,0.0,0.19
081660,(주)휠라홀딩스,2016/12,1.0,1.0,0.82
081970,(주)넥스지,2016/12,0.0,0.0,0.33
082210,(주)옵트론텍,2014/12,0.0,0.0,0.05
082270,(주)젬백스&카엘,2012/12,0.0,0.0,0.06
082390,(주)피엘에이,2012/12,0.0,0.0,0.09
082660,(주)코스나인,2016/12,0.0,0.0,0.16
082740,에이치에스디엔진(주),2013/12,0.0,0.0,0.17
082800,(주)비보존제약,2014/12,0.0,0.0,0.21
082850,우리바이오(주),2014/12,1.0,1.0,0.96
083310,(주)엘오티베큠,2019/12,1.0,1.0,0.99
083470,(주)이엠앤아이,2013/12,1.0,1.0,0.85
083640,(주)인콘,2016/12,1.0,1.0,0.94
083650,비에이치아이(주),2014/12,0.0,0.0,0.28
083660,(주)씨에스에이코스믹,2012/12,0.0,0.0,0.1
083790,씨지인바이츠(주),2014/12,0.0,0.0,0.04
083930,(주)아바코,2012/12,1.0,1.0,0.84
084180,(주)수성샐바시온,2017/12,0.0,0.0,0.14
084650,(주)랩지노믹스,2017/12,0.0,0.0,0.23
084670,(주)동양고속,2020/12,0.0,0.0,0.24
084680,(주)이월드,2012/12,0.0,0.0,0.12
084730,팅크웨어(주),2013/12,1.0,1.0,0.77
084870,(주)티비에이치글로벌,2015/12,1.0,1.0,0.94
084990,(주)헬릭스미스,2012/12,1.0,1.0,0.7
085310,(주)엔케이,2012/12,0.0,0.0,0.17
085660,(주)차바이오텍,2017/12,1.0,1.0,0.75
085670,(주)뉴프렉스,2013/12,1.0,1.0,0.87
086040,(주)바이오톡스텍,2012/12,0.0,0.0,0.08
086060,(주)진바이오텍,2013/12,1.0,1.0,0.99
086200,제이앤유글로벌,2013/12,0.0,0.0,0.25
086250,(주)화신테크,2014/12,0.0,0.0,0.15
086390,(주)유니테스트,2013/12,1.0,1.0,0.89
086520,(주)에코프로,2013/12,1.0,1.0,0.73
086670,(주)비엠티,2016/12,1.0,1.0,0.95
086820,(주)바이오솔루션,2019/12,0.0,0.0,0.13
086890,(주)이수앱지스,2012/12,0.0,0.0,0.08
086900,(주)메디톡스,2020/12,1.0,0.0,0.23
086960,(주)엠디에스테크,2021/12,1.0,1.0,0.79
087010,(주)펩트론,2016/12,0.0,0.0,0.13
087220,(주)스틸플라워,2013/12,0.0,0.0,0.09
087260,모바일어플라이언스(주),2019/12,1.0,1.0,0.84
087600,(주)픽셀플러스,2016/12,0.0,0.0,0.1
087730,(주)이엠네트웍스,2016/12,0.0,0.0,0.28
088290,이원컴포텍(주),2012/12,0.0,0.0,0.13
088390,(주)이녹스,2017/12,1.0,1.0,0.62
088790,(주)진도,2019/12,0.0,0.0,0.25
088800,(주)에이스테크놀로지,2012/12,1.0,1.0,0.69
088910,(주)동우팜투테이블,2012/12,1.0,1.0,0.91
089010,(주)켐트로닉스,2014/12,0.0,0.0,0.16
089140,(주)넥스턴바이오사이언스,2020/12,0.0,0.0,0.26
089230,더이앤엠(주),2012/12,0.0,0.0,0.17
089530,(주)에이티세미콘,2013/12,1.0,1.0,0.93
089590,(주)제주항공,2019/12,0.0,0.0,0.07
089790,(주)제이티,2013/12,1.0,1.0,0.85
089850,유비벨록스(주),2014/12,0.0,0.0,0.15
089890,(주)코세스,2013/12,0.0,0.0,0.14
090080,평화산업(주),2013/12,0.0,0.0,0.19
090120,잘만테크(주),2012/12,1.0,1.0,0.9
090150,(주)아이윈,2017/12,0.0,0.0,0.05
090360,(주)로보스타,2012/12,1.0,1.0,0.97
090370,(주)메타랩스,2012/12,0.0,0.0,0.19
090410,(주)덕신하우징,2016/12,1.0,1.0,0.61
090470,(주)제이스텍,2013/12,1.0,1.0,0.81
090710,휴림로봇(주),2012/12,0.0,0.0,0.13
090730,(주)심팩메탈,2015/12,1.0,1.0,1.0
090740,(주)연이비앤티,2017/12,1.0,1.0,0.76
091090,세원이앤씨(주),2012/12,0.0,0.0,0.07
091120,(주)이엠텍,2019/12,1.0,1.0,0.94
091340,에스엔케이폴리텍(주),2012/12,0.0,0.0,0.26
091440,(주)텔레필드,2016/12,1.0,1.0,0.93
091580,상신이디피(주),2015/12,0.0,0.0,0.15
091810,(주)티웨이항공,2019/12,0.0,0.0,0.13
091970,나노캠텍(주),2015/12,0.0,0.0,0.06
092040,아미코젠(주),2019/12,1.0,1.0,0.83
092070,(주)디엔에프,2012/12,0.0,0.0,0.1
092200,(주)디아이씨,2019/12,0.0,0.0,0.02
092220,(주)케이이씨,2012/12,0.0,0.0,0.03
092300,현우산업(주),2012/12,0.0,0.0,0.05
092460,한라아이엠에스(주),2013/12,1.0,1.0,0.86
092600,(주)앤씨앤,2012/12,0.0,0.0,0.23
092780,동양피스톤(주),2020/12,1.0,1.0,0.64
092870,(주)엑시콘,2019/12,1.0,1.0,0.84
093230,(주)이아이디,2012/12,0.0,0.0,0.05
093370,(주)후성,2012/12,0.0,0.0,0.2
093640,(주)케이알엠,2015/12,1.0,1.0,0.92
094170,(주)동운아나텍,2017/12,0.0,0.0,0.16
094190,이엘케이(주),2012/12,0.0,0.0,0.08
094480,갤럭시아머니트리(주),2012/12,0.0,0.0,0.1
094850,참좋은여행(주),2020/12,0.0,0.0,0.33
094860,(주)네오리진,2013/12,0.0,0.0,0.08
094940,(주)푸른기술,2014/12,0.0,0.0,0.22
094970,제이엠티(주),2015/12,1.0,1.0,0.91
095190,이엠코리아(주),2012/12,1.0,1.0,0.95
095270,(주)웨이브일렉트로닉스,2012/12,0.0,0.0,0.16
095300,(주)엔에스브이,2013/12,0.0,0.0,0.17
095500,미래나노텍(주),2013/12,0.0,0.0,0.16
095570,AJ네트웍스(주),2018/12,0.0,0.0,0.13
095700,(주)제넥신,2013/12,0.0,0.0,0.05
095720,(주)웅진씽크빅,2019/12,1.0,1.0,0.72
095910,(주)에스에너지,2018/12,0.0,0.0,0.21
096040,이트론(주),2014/12,0.0,0.0,0.1
096350,(주)대창솔루션,2012/12,0.0,0.0,0.09
096610,(주)알에프세미,2017/12,0.0,0.0,0.2
096630,(주)에스코넥,2019/12,0.0,0.0,0.08
096690,(주)에이루트,2016/12,0.0,0.0,0.15
096760,제이더블유홀딩스(주),2012/12,0.0,0.0,0.16
096770,SK이노베이션(주),2014/12,1.0,1.0,0.89
096870,(주)엘디티,2013/12,0.0,0.0,0.13
097230,(주)HJ중공업,2012/12,0.0,0.0,0.14
097520,(주)엠씨넥스,2016/12,1.0,1.0,0.76
097780,에코볼트(주),2014/12,0.0,0.0,0.22
097800,(주)윈팩,2014/12,0.0,0.0,0.2
098120,(주)마이크로컨텍솔루션,2016/12,0.0,0.0,0.14
098660,(주)에스티오,2013/12,0.0,0.0,0.04
099220,에스디엔(주),2012/12,0.0,0.0,0.1
099320,(주)쎄트렉아이,2021/12,0.0,0.0,0.49
099410,(주)동방선기,2012/12,0.0,0.0,0.16
099440,(주)스맥,2018/12,0.0,0.0,0.23
099520,(주)아이티엑스에이아이,2014/12,0.0,0.0,0.19
099660,한솔신텍(주),2012/12,0.0,0.0,0.16
099830,(주)씨그널엔터테인먼트그룹,2013/12,0.0,0.0,0.11
100130,(주)동국에스엔씨,2018/12,1.0,1.0,0.95
100220,(주)비상교육,2020/12,1.0,1.0,0.6
100660,서암기계공업(주),2020/12,1.0,1.0,0.71
100840,(주)SNT에너지,2018/12,1.0,1.0,0.91
101000,(주)상상인인더스트리,2012/12,1.0,1.0,0.56
101060,에스비에스미디어홀딩스(주),2017/12,1.0,1.0,0.94
101140,(주)인바이오젠,2012/12,0.0,0.0,0.17
101160,(주)월덱스,2012/12,0.0,0.0,0.11
101170,우림피티에스(주),2017/12,1.0,1.0,0.87
101330,(주)모베이스,2020/12,1.0,0.0,0.47
101390,(주)아이엠,2012/12,1.0,1.0,0.85
101400,엔시트론(주),2012/12,0.0,0.0,0.2
101490,(주)에스앤에스텍,2012/12,0.0,0.0,0.13
101670,(주)하이드로리튬,2014/12,1.0,1.0,0.78
101680,한국정밀기계(주),2012/12,0.0,0.0,0.27
101930,인화정공(주),2016/12,0.0,0.0,0.15
101990,(주)파브코,2012/12,0.0,0.0,0.17
102210,(주)에이치디,2017/12,0.0,0.0,0.24
102260,(주)동성케미컬,2017/12,1.0,1.0,0.94
102280,(주)쌍방울,2013/12,0.0,0.0,0.23
102940,코오롱생명과학(주),2017/12,0.0,0.0,0.09
103130,웅진에너지(주),2012/12,0.0,0.0,0.0
103230,(주)에스앤더블류,2012/12,0.0,0.0,0.17
103590,일진전기(주),2012/12,1.0,1.0,0.94
104040,(주)대성파인텍,2018/12,0.0,0.0,0.13
104110,(주)신성이엔지,2012/12,1.0,1.0,0.94
104120,(주)신성에프에이,2012/12,1.0,1.0,0.73
104200,(주)엔에이치엔벅스,2016/12,0.0,0.0,0.25
104480,(주)티케이케미칼,2012/12,0.0,0.0,0.14
104540,(주)코렌텍,2014/12,1.0,1.0,0.95
104620,(주)노랑풍선,2020/12,0.0,0.0,0.36
105330,(주)케이엔더블유,2012/12,0.0,0.0,0.18
105550,(주)트루윈,2015/12,0.0,0.0,0.24
105840,(주)우진,2013/12,1.0,1.0,0.82
106080,(주)하이소닉,2013/12,0.0,0.0,0.14
106190,(주)하이텍팜,2019/12,0.0,0.0,0.14
106240,(주)파인테크닉스,2013/12,1.0,1.0,0.72
106520,(주)노블엠앤비,2015/12,0.0,0.0,0.09
108230,(주)톱텍,2019/12,1.0,1.0,0.77
108490,(주)로보티즈,2020/12,0.0,1.0,0.53
108860,(주)셀바스에이아이,2014/12,0.0,0.0,0.11
109070,(주)주성코퍼레이션,2012/12,0.0,0.0,0.14
109610,에스와이(주),2019/12,0.0,0.0,0.07
109740,(주)디에스케이,2012/12,1.0,1.0,0.93
109820,(주)진매트릭스,2012/12,0.0,0.0,0.1
109960,(주)에이프로젠헬스케어앤게임즈,2012/12,0.0,0.0,0.05
110020,전진바이오팜(주),2019/12,0.0,0.0,0.12
110310,(주)모린스,2012/12,0.0,0.0,0.03
110500,(주)유니드코리아,2012/12,0.0,0.0,0.11
110570,(주)넥솔론,2012/12,0.0,0.0,0.01
110990,디아이티(주),2020/12,0.0,0.0,0.45
111110,호전실업(주),2020/12,1.0,1.0,0.63
111610,(주)승화프리텍,2012/12,0.0,0.0,0.02
111820,(주)지유온,2014/12,1.0,1.0,0.84
111870,케이에이치전자(주),2019/12,0.0,0.0,0.02
112240,(주)에스에프씨,2015/12,1.0,1.0,0.86
112610,씨에스윈드(주),2016/12,1.0,1.0,0.94
113810,디젠스(주),2013/12,0.0,0.0,0.14
114090,그랜드코리아레저(주),2020/12,0.0,0.0,0.42
114190,(주)강원에너지,2016/12,0.0,0.0,0.29
114450,그린생명과학(주),2013/12,0.0,0.0,0.16
114570,지스마트글로벌(주),2012/12,0.0,0.0,0.17
114630,(주)폴라리스우노,2019/12,1.0,1.0,0.82
114810,한솔아이원스(주),2015/12,0.0,0.0,0.1
115160,(주)휴맥스,2017/12,0.0,0.0,0.31
115440,(주)우리넷,2018/12,1.0,1.0,0.99
115450,에이치엘비테라퓨틱스(주),2012/12,0.0,0.0,0.39
115480,(주)씨유메디칼시스템,2013/12,0.0,1.0,0.76
115530,(주)씨엔플러스,2013/12,0.0,0.0,0.23
115570,(주)스타플렉스,2012/12,1.0,1.0,0.87
115610,(주)이미지스테크놀로지,2012/12,1.0,1.0,0.79
117670,(주)알파홀딩스,2016/12,0.0,0.0,0.42
117730,(주)티로보틱스,2019/12,1.0,1.0,0.82
117930,(주)한진해운,2012/12,0.0,0.0,0.27
118000,(주)에스메디,2012/12,0.0,0.0,0.42
118990,모트렉스(주),2018/12,0.0,1.0,0.62
119650,케이씨코트렐(주),2013/12,0.0,1.0,0.51
119830,아이텍(주),2019/12,1.0,1.0,0.94
121440,(주)골프존뉴딘홀딩스,2015/12,1.0,1.0,0.98
121600,(주)나노신소재,2012/12,1.0,1.0,0.98
121800,(주)비덴트,2015/12,0.0,0.0,0.35
121850,(주)코이즈,2013/12,0.0,0.0,0.49
121890,(주)에스디시스템,2013/12,1.0,1.0,0.87
122350,(주)삼기,2018/12,0.0,0.0,0.25
122640,(주)예스티,2018/12,0.0,1.0,0.54
122690,(주)서진오토모티브,2017/12,0.0,1.0,0.52
122800,(주)썬테크놀로지스,2013/12,1.0,1.0,0.9
122870,(주)와이지엔터테인먼트,2019/12,1.0,1.0,0.98
123010,(주)아이윈플러스,2017/12,0.0,0.0,0.24
123040,(주)엠에스오토텍,2012/12,1.0,1.0,0.78
123100,(주)원익테라세미콘,2013/12,1.0,1.0,0.96
123260,(주)파인넥스,2012/12,0.0,0.0,0.18
123330,(주)제닉,2017/12,0.0,0.0,0.09
123410,코리아에프티(주),2017/12,1.0,1.0,0.93
123690,한국화장품(주),2012/12,0.0,0.0,0.26
123750,(주)알톤스포츠,2015/12,0.0,0.0,0.5
123840,(주)한일진공,2014/12,1.0,1.0,0.76
123860,(주)아나패스,2018/12,0.0,1.0,0.52
126870,(주)뉴로스,2014/12,0.0,1.0,0.56
126880,제이엔케이히터(주),2013/12,0.0,1.0,0.55
127120,(주)디엔에이링크,2013/12,0.0,0.0,0.18
127160,(주)매직마이크로,2016/12,0.0,0.0,0.3
128540,에코캡(주),2019/12,0.0,1.0,0.54
128820,대성산업(주),2012/12,0.0,0.0,0.38
129260,인터지스(주),2019/12,1.0,1.0,0.73
129890,(주)앱코,2021/12,0.0,1.0,0.52
130740,(주)티피씨,2018/12,0.0,0.0,0.37
130960,씨제이이앤엠(주),2014/12,1.0,1.0,0.87
131090,(주)시큐브,2014/12,1.0,1.0,0.85
131100,(주)티엔엔터테인먼트,2012/12,0.0,0.0,0.39
131220,(주)대한과학,2015/12,1.0,1.0,0.81
131290,(주)티에스이,2015/12,0.0,1.0,0.8
131370,알서포트(주),2015/12,0.0,0.0,0.35
131390,(주)원익피앤이,2014/12,1.0,1.0,0.79
131400,(주)이브이첨단소재,2014/12,0.0,1.0,0.53
131760,(주)파인텍,2016/12,1.0,1.0,0.97
133750,메가엠디(주),2017/12,1.0,1.0,0.99
133820,(주)화인베스틸,2019/12,0.0,0.0,0.28
134060,(주)이퓨쳐,2012/12,1.0,1.0,0.79
134580,(주)탑코미디어,2016/12,0.0,1.0,0.51
134780,(주)화진,2018/12,0.0,0.0,0.11
134790,(주)시디즈,2013/12,0.0,1.0,0.53
136480,(주)하림,2012/12,1.0,1.0,0.73
136510,(주)스마트솔루션즈,2012/12,1.0,1.0,0.74
137400,(주)피엔티,2015/12,1.0,1.0,0.97
137940,(주)넥스트아이,2017/12,1.0,1.0,0.92
137950,제이씨케미칼(주),2014/12,1.0,1.0,0.85
138070,(주)신진에스엠,2020/12,1.0,0.0,0.4
138080,(주)오이솔루션,2017/12,0.0,1.0,0.65
138360,(주)협진,2016/12,1.0,1.0,0.93
138490,코오롱플라스틱(주),2013/12,1.0,1.0,0.84
138610,(주)나이벡,2012/12,0.0,0.0,0.15
139050,(주)비에프랩스,2016/12,0.0,0.0,0.46
140410,(주)메지온,2013/12,0.0,0.0,0.24
140520,(주)대창스틸,2016/12,1.0,1.0,0.83
140670,알에스오토메이션(주),2019/12,0.0,1.0,0.84
141000,(주)비아트론,2014/12,1.0,1.0,0.85
141070,(주)맥스로텍,2013/12,1.0,1.0,0.74
141080,(주)레고켐바이오사이언스,2015/12,0.0,0.0,0.3
142280,(주)녹십자엠에스,2016/12,0.0,0.0,0.41
142760,(주)비엘,2017/12,0.0,0.0,0.18
143160,(주)아이디스,2016/12,0.0,1.0,0.61
143210,핸즈코퍼레이션(주),2020/12,0.0,1.0,0.7
143540,(주)영우디에스피,2018/12,1.0,1.0,0.68
144510,(주)지씨셀,2019/12,1.0,1.0,1.0
144620,코오롱머티리얼(주),2014/12,0.0,0.0,0.5
145210,(주)다이나믹디자인,2017/12,0.0,0.0,0.31
147760,(주)피엠티,2018/12,0.0,0.0,0.46
148140,비디아이(주),2019/12,0.0,0.0,0.37
148150,(주)세경하이테크,2020/12,1.0,1.0,0.61
149940,(주)모다,2014/12,0.0,0.0,0.24
149950,(주)아바텍,2021/12,0.0,1.0,0.8
149980,(주)하이로닉,2018/12,1.0,1.0,0.96
150840,(주)인트로메딕,2015/12,0.0,0.0,0.21
151910,에스비더블유생명과학(주),2015/12,0.0,0.0,0.24
153460,(주)네이블커뮤니케이션즈,2017/12,0.0,0.0,0.25
153490,우리이앤엘(주),2014/12,0.0,1.0,0.68
153710,(주)옵티팜,2019/12,0.0,0.0,0.36
154040,(주)다산솔루에타,2016/12,0.0,1.0,0.51
155650,와이엠씨(주),2019/12,1.0,1.0,0.8
155960,(주)지디,2015/12,0.0,0.0,0.32
156100,(주)엘앤케이바이오메드,2017/12,0.0,0.0,0.15
158310,참존글로벌(주),2014/12,0.0,1.0,0.57
159580,(주)제로투세븐,2014/12,0.0,1.0,0.68
159910,(주)스킨앤스킨,2013/12,0.0,0.0,0.16
160550,(주)넥스트엔터테인먼트월드,2017/12,0.0,0.0,0.4
160600,(주)이큐셀,2016/12,1.0,1.0,0.8
161570,(주)더 미동,2016/12,0.0,0.0,0.39
161580,(주)필옵틱스,2018/12,0.0,0.0,0.28
166480,코아스템켐온(주),2016/12,0.0,0.0,0.27
168330,(주)내츄럴엔도텍,2015/12,0.0,0.0,0.23
170030,(주)현대공업,2018/12,1.0,1.0,0.94
170790,(주)파이오링크,2015/12,1.0,1.0,0.79
170920,엘티씨(주),2016/12,1.0,1.0,0.95
171010,램테크놀러지(주),2014/12,0.0,0.0,0.39
171090,(주)선익시스템,2021/12,1.0,0.0,0.48
173940,(주)에프엔씨엔터테인먼트,2016/12,1.0,1.0,0.97
174880,(주)장원테크,2019/12,0.0,0.0,0.35
174900,앱클론(주),2018/12,1.0,1.0,0.76
175140,(주)인포마크,2017/12,0.0,0.0,0.41
175250,아이큐어(주),2019/12,0.0,1.0,0.52
177350,(주)베셀,2019/12,0.0,0.0,0.13
177830,(주)파버나인,2015/12,1.0,1.0,0.74
178320,(주)서진시스템,2020/12,1.0,1.0,0.65
178780,(주)일월지엠엘,2016/12,0.0,0.0,0.3
179900,(주)유티아이,2021/12,0.0,1.0,0.57
180400,디엑스앤브이엑스(주),2016/12,0.0,0.0,0.36
180640,(주)한진칼,2019/12,0.0,0.0,0.39
181340,(주)이즈미디어,2019/12,0.0,0.0,0.47
182400,(주)엔케이맥스,2016/12,0.0,0.0,0.15
182690,마이크로로봇(주),2016/12,0.0,0.0,0.33
183490,(주)엔지켐생명과학,2019/12,0.0,0.0,0.3
184230,에스지에이솔루션즈(주),2018/12,0.0,0.0,0.43
185490,아이진(주),2018/12,0.0,0.0,0.14
187220,(주)디티앤씨,2019/12,0.0,0.0,0.27
187270,(주)신화콘텍,2015/12,1.0,1.0,0.77
187420,(주)제노포커스,2018/12,0.0,0.0,0.25
187790,(주)나노,2016/12,0.0,0.0,0.33
189860,(주)서전기전,2015/12,1.0,1.0,0.91
190510,(주)나무가,2016/12,0.0,1.0,0.54
191410,(주)육일씨엔에쓰,2016/12,1.0,1.0,0.9
191420,테고사이언스(주),2021/12,1.0,0.0,0.32
192390,(주)윈하이텍,2019/12,0.0,0.0,0.3
192410,휴림네트웍스(주),2016/12,1.0,1.0,0.99
193250,(주)와이제이엠게임즈,2017/12,0.0,0.0,0.45
194480,데브시스터즈(주),2015/12,0.0,0.0,0.3
194510,(주)파티게임즈,2018/12,1.0,1.0,0.67
194610,(주)우성아이비,2016/12,0.0,0.0,0.41
195440,(주)퓨전,2017/12,0.0,0.0,0.5
195500,(주)마니커에프앤지,2021/12,0.0,1.0,0.88
195990,(주)에이비프로바이오,2017/12,0.0,0.0,0.13
196170,(주)알테오젠,2016/12,0.0,0.0,0.22
196300,애니젠(주),2018/12,0.0,0.0,0.24
196450,(주)코아시아씨엠,2015/12,0.0,1.0,0.63
196490,(주)디에이테크놀로지,2019/12,0.0,0.0,0.29
196700,(주)웹스,2018/12,0.0,0.0,0.25
197140,(주)디지캡,2021/12,1.0,0.0,0.4
198440,(주)고려시멘트,2019/12,1.0,1.0,1.0
200230,(주)텔콘알에프제약,2015/12,0.0,1.0,0.64
200470,(주)에이팩트,2015/12,0.0,0.0,0.5
200710,(주)에이디테크놀로지,2016/12,0.0,1.0,0.7
200780,(주)비씨월드제약,2019/12,0.0,0.0,0.37
200880,(주)서연이화,2017/12,0.0,0.0,0.45
203690,(주)스피어파워,2017/12,0.0,0.0,0.38
204020,(주)그리티,2021/12,1.0,1.0,0.57
204270,(주)제이앤티씨,2021/12,0.0,0.0,0.3
204620,글로벌텍스프리(주),2020/12,0.0,0.0,0.38
204630,(주)스튜디오산타클로스엔터테인먼트,2016/12,0.0,1.0,0.56
204840,지엘팜텍(주),2017/12,0.0,0.0,0.21
204990,(주)코썬바이오,2017/12,0.0,1.0,0.52
205470,휴마시스(주),2018/12,0.0,0.0,0.29
206400,(주)베노티앤알,2021/12,0.0,0.0,0.4
206650,(주)유바이오로직스,2020/12,0.0,0.0,0.28
208140,(주)정다운,2020/12,1.0,0.0,0.48
208350,(주)지란지교시큐리티,2020/12,0.0,1.0,0.6
208370,(주)셀바스헬스케어,2017/12,0.0,0.0,0.11
208710,(주)바이오로그디바이스,2020/12,0.0,0.0,0.28
208860,(주)엔지스테크널러지,2019/12,0.0,0.0,0.26
212560,(주)네오오토,2019/12,1.0,1.0,0.88
214260,(주)라파스,2020/12,0.0,0.0,0.4
214270,(주)에프에스엔,2020/12,1.0,0.0,0.39
214310,(주)에스엘에너지,2016/12,0.0,0.0,0.28
214330,(주)금호에이치티,2019/12,0.0,0.0,0.45
214390,(주)경보제약,2021/12,0.0,0.0,0.26
214420,(주)토니모리,2017/12,0.0,1.0,0.55
214430,아이쓰리시스템(주),2019/12,1.0,1.0,0.95
214610,(주)미코바이오메드,2021/12,0.0,0.0,0.24
214680,(주)디알텍,2017/12,1.0,1.0,0.88
214870,뉴지랩파마(주),2016/12,0.0,1.0,0.67
215090,(주)휴센텍,2019/12,0.0,0.0,0.44
215100,(주)로보로보,2020/12,0.0,0.0,0.42
215360,우리산업(주),2021/12,0.0,0.0,0.4
215380,(주)우정바이오,2018/12,1.0,1.0,0.95
215480,(주)토박스코리아,2018/12,1.0,1.0,0.88
215790,(주)이노인스트루먼트,2018/12,0.0,0.0,0.45
216080,(주)제테마,2020/12,0.0,0.0,0.5
217190,제너셈(주),2016/12,0.0,1.0,0.53
217270,(주)넵튠,2017/12,0.0,0.0,0.21
217480,(주)에스디생명공학,2019/12,0.0,0.0,0.48
217620,(주)디딤이앤에프,2020/12,0.0,0.0,0.35
217730,(주)강스템바이오텍,2016/12,0.0,0.0,0.18
218410,알에프에이치아이씨(주),2020/12,1.0,1.0,0.53
219550,(주)디와이디,2019/12,0.0,0.0,0.33
219750,(주)지티지웰니스,2019/12,0.0,0.0,0.15
220100,(주)퓨쳐켐,2017/12,0.0,0.0,0.36
220180,(주)핸디소프트,2017/12,0.0,0.0,0.37
221610,자안바이오(주),2018/12,1.0,1.0,0.7
221840,하이즈항공(주),2016/12,1.0,1.0,0.74
222040,코스맥스엔비티(주),2019/12,0.0,0.0,0.2
222080,씨아이에스(주),2018/12,1.0,1.0,0.78
222110,(주)팬젠,2017/12,0.0,0.0,0.29
222420,(주)쎄노텍,2018/12,0.0,0.0,0.4
222800,(주)심텍,2019/12,1.0,1.0,0.77
222810,(주)세토피아,2017/12,0.0,0.0,0.2
223310,커머스마이너 (주),2016/12,0.0,1.0,0.66
224060,(주)더코디,2016/12,0.0,0.0,0.18
225430,케이엠제약(주),2019/12,1.0,1.0,0.88
225650,(주)쿠첸,2017/12,1.0,1.0,0.9
226340,(주)본느,2020/12,0.0,1.0,0.6
226350,(주)아이엠텍,2017/12,0.0,0.0,0.17
226360,케이에이치건설(주),2020/12,0.0,0.0,0.42
226400,(주)오스테오닉,2019/12,0.0,0.0,0.28
226440,(주)한송네오텍,2020/12,0.0,0.0,0.37
226950,올릭스(주),2019/12,0.0,0.0,0.16
227100,(주)에이치앤비디자인,2019/12,0.0,1.0,0.73
227610,(주)아우딘퓨쳐스,2019/12,0.0,1.0,0.51
228340,동양파일(주),2018/12,0.0,1.0,0.62
228760,(주)지노믹트리,2020/12,0.0,0.0,0.19
229000,(주)젠큐릭스,2021/12,0.0,0.0,0.05
230240,(주)에치에프알,2020/12,1.0,0.0,0.31
230980,비유테크놀러지,2017/12,0.0,0.0,0.36
232140,와이아이케이(주),2019/12,1.0,1.0,0.78
234100,(주)폴라리스세원,2021/12,1.0,1.0,0.56
234300,에스트래픽(주),2018/12,0.0,0.0,0.16
234920,자이글(주),2018/12,0.0,0.0,0.5
237690,에스티팜(주),2018/12,0.0,0.0,0.3
237880,(주)클리오,2018/12,1.0,1.0,0.96
238120,(주)얼라인드제네틱스,2017/12,0.0,0.0,0.22
238200,(주)비피도,2020/12,0.0,1.0,0.77
238490,(주)힘스,2018/12,1.0,1.0,0.9
241590,(주)화승엔터프라이즈,2021/12,1.0,1.0,0.59
241820,피씨엘(주),2018/12,0.0,0.0,0.22
241840,(주)에이스토리,2020/12,1.0,1.0,0.51
242040,나무기술(주),2018/12,1.0,1.0,0.82
244460,올리패스(주),2020/12,0.0,0.0,0.21
245620,이원다이애그노믹스(주),2019/12,0.0,0.0,0.11
246710,(주)티앤알바이오팹,2019/12,0.0,0.0,0.22
246720,(주)아스타,2018/12,0.0,0.0,0.19
246960,(주)이노테라피,2020/12,0.0,0.0,0.34
249420,일동제약(주),2019/12,1.0,1.0,0.78
250060,(주)모비스,2018/12,0.0,0.0,0.25
250930,(주)예선테크,2021/12,0.0,0.0,0.44
254120,(주)자비스,2020/12,0.0,0.0,0.24
255220,에스지이(주),2021/12,0.0,1.0,0.52
256840,(주)한국비엔씨,2021/12,0.0,0.0,0.21
256940,(주)케이피에스,2019/12,0.0,1.0,0.72
257370,(주)피엔티 엠에스,2020/12,0.0,0.0,0.2
258610,(주)케일럼,2019/12,0.0,0.0,0.28
258830,(주)세종메디칼,2020/12,0.0,0.0,0.47
259630,(주)엠플러스,2021/12,0.0,0.0,0.44
260930,(주)씨티케이,2021/12,0.0,0.0,0.38
261200,(주)덴티스,2021/12,1.0,0.0,0.5
262260,(주)에이프로,2021/12,0.0,1.0,0.54
263540,(주)어스앤에어로스페이스,2018/12,0.0,1.0,0.55
263800,(주)데이타솔루션,2018/12,1.0,1.0,0.78
263920,(주)휴엠앤씨,2018/12,0.0,0.0,0.41
265560,영화테크(주),2019/12,1.0,1.0,0.86
267250,HD현대(주),2020/12,1.0,0.0,0.48
267260,에이치디현대일렉트릭(주),2018/12,0.0,0.0,0.36
267320,(주)나인테크,2021/12,1.0,0.0,0.14
267790,(주)배럴,2020/12,0.0,1.0,0.55
268600,(주)셀리버리,2021/12,0.0,0.0,0.14
269620,(주)시스웍,2020/12,0.0,0.0,0.3
271980,제일약품(주),2019/12,1.0,1.0,1.0
272450,(주)진에어,2019/12,0.0,0.0,0.28
274090,켄코아에어로스페이스(주),2021/12,1.0,0.0,0.16
277880,(주)티에스아이,2021/12,1.0,1.0,0.59
279600,미디어젠(주),2021/12,0.0,1.0,0.58
286750,(주)나노브릭,2020/12,0.0,0.0,0.22
289010,(주)아이스크림에듀,2020/12,0.0,1.0,0.57
290520,(주)신도기연,2021/12,0.0,1.0,0.56
290660,(주)네오펙트,2019/12,0.0,0.0,0.03
290670,대보마그네틱(주),2020/12,1.0,1.0,0.56
290740,(주)액트로,2021/12,0.0,1.0,0.71
291650,(주)압타머사이언스,2021/12,0.0,0.0,0.19
294090,이오플로우(주),2021/12,0.0,0.0,0.17
294140,(주)레몬,2021/12,0.0,0.0,0.06
294630,(주)서남,2021/12,0.0,0.0,0.19
297090,씨에스베어링(주),2021/12,0.0,0.0,0.38
298040,효성중공업(주),2020/12,1.0,0.0,0.29
298050,효성첨단소재(주),2020/12,1.0,0.0,0.28
298060,에스씨엠생명과학(주),2021/12,0.0,0.0,0.25
298690,에어부산(주),2019/12,0.0,0.0,0.14
299030,(주)하나기술,2021/12,1.0,0.0,0.36
299900,(주)위지윅스튜디오,2021/12,0.0,1.0,0.54
300120,라온피플(주),2020/12,0.0,0.0,0.36
301300,(주)바이브컴퍼니,2021/12,0.0,0.0,0.37
302430,(주)이노메트리,2020/12,1.0,1.0,0.77
304840,(주)피플바이오,2021/12,0.0,0.0,0.22
305090,(주)마이크로디지탈,2020/12,0.0,0.0,0.1
306620,(주)네온테크,2021/12,0.0,0.0,0.38
307180,(주)아이엘사이언스,2020/12,1.0,0.0,0.16
308100,(주)까스텔바작,2021/12,0.0,0.0,0.5
311690,씨제이바이오사이언스(주),2020/12,0.0,0.0,0.09
312610,에이에프더블류(주),2021/12,0.0,0.0,0.22
313760,(주)윌링스,2020/12,0.0,1.0,0.76
314130,(주)지놈앤컴퍼니,2021/12,0.0,0.0,0.16
317120,(주)라닉스,2020/12,0.0,0.0,0.43
317240,(주)티에스트릴리온,2021/12,0.0,0.0,0.14
317530,(주)캐리소프트,2020/12,0.0,1.0,0.52
317690,(주)퀀타매트릭스,2021/12,0.0,0.0,0.19
317770,(주)엑스페릭스,2020/12,1.0,0.0,0.3
317830,(주)에스피시스템스,2021/12,1.0,0.0,0.42
317850,대모엔지니어링(주),2020/12,1.0,0.0,0.46
317870,(주)엔바이오니아,2020/12,0.0,0.0,0.18
322180,(주)티라유텍,2020/12,0.0,0.0,0.29
322510,(주)제이엘케이,2020/12,0.0,0.0,0.23
323230,엠에프엠코리아(주),2021/12,0.0,0.0,0.49
327260,알에프머트리얼즈(주),2020/12,0.0,0.0,0.48
331920,(주)셀레믹스,2021/12,0.0,0.0,0.22
332570,(주)와이팜,2021/12,1.0,0.0,0.32
335810,프리시젼바이오(주),2021/12,0.0,0.0,0.37
336370,솔루스첨단소재(주),2021/12,0.0,0.0,0.45
348150,(주)고바이오랩,2021/12,0.0,0.0,0.16
354200,(주)엔젠바이오,2021/12,0.0,0.0,0.16
900040,차이나그레이트스타인터내셔널리미티드,2017/12,1.0,1.0,0.84
900070,글로벌에스엠테크리미티드,2018/12,1.0,1.0,0.74
900100,애머릿지코퍼레이션,2012/12,0.0,1.0,0.56
900110,이스트아시아홀딩스인베스트먼트리미티드,2020/12,1.0,0.0,0.17
900130,웨이포트유한공사,2012/12,0.0,0.0,0.37
900140,엘브이엠씨홀딩스(주),2018/12,0.0,0.0,0.44
900260,로스웰인터내셔널유한회사,2020/12,0.0,0.0,0.41
950130,(주)엑세스바이오인코퍼레이션,2015/12,0.0,1.0,0.65
950140,잉글우드랩(주),2017/12,0.0,0.0,0.31
950160,코오롱티슈진(주),2018/12,0.0,0.0,0.29
950200,(주)소마젠,2021/12,0.0,0.0,0.45
