거래소코드,label,pred,proba1,회사명,회계년도
000040,0.0,0.0,0.3319255856709255,케이알모터스(주),2012/12
000050,1.0,0.0,0.2505327603260465,(주)경방,2012/12
000070,1.0,0.0,0.4297188063285614,(주)삼양홀딩스,2013/12
000150,1.0,1.0,0.7611290913714157,(주)두산,2015/12
000180,0.0,0.0,0.46001863333550846,성창기업지주(주),2012/12
000210,0.0,1.0,0.650747801936594,디엘(주),2013/12
000230,0.0,0.0,0.39640706321175895,일동홀딩스(주),2016/12
000300,1.0,0.0,0.25899414981838426,(주)대유플러스,2012/12
000360,0.0,0.0,0.09098844189561357,삼환기업(주),2012/12
000420,0.0,0.0,0.10362388150798456,(주)로케트전기,2012/12
000480,1.0,0.0,0.3828341415810523,(주)시알홀딩스,2017/12
000490,1.0,0.0,0.4010291808325992,(주)대동,2012/12
000520,0.0,0.0,0.395967338274988,삼일제약(주),2012/12
000650,1.0,0.0,0.42054581987095446,(주)천일고속,2012/12
000660,1.0,0.0,0.35839018733677014,에스케이하이닉스(주),2012/12
000670,0.0,0.0,0.346895819566366,(주)영풍,2014/12
000680,0.0,0.0,0.31735409661714487,(주)엘에스네트웍스,2012/12
000700,0.0,0.0,0.03281734851895012,(주)유수홀딩스,2012/12
000760,0.0,0.0,0.2668426160132331,이화산업(주),2018/12
000800,0.0,0.0,0.3722482250084855,경남기업(주),2012/12
000860,1.0,0.0,0.3473692290109471,강남제비스코(주),2019/12
000890,0.0,0.0,0.2669014485080887,보해양조(주),2016/12
000910,0.0,0.0,0.3350178491104056,(주)유니온,2017/12
000950,0.0,0.0,0.17922719013622493,전방(주),2012/12
000990,0.0,0.0,0.206699876045932,(주)DB하이텍,2012/12
001000,1.0,0.0,0.1441902959424617,신라섬유(주),2015/12
001020,0.0,0.0,0.2798541949809761,페이퍼코리아(주),2013/12
001060,1.0,0.0,0.34979248297563487,제이더블유중외제약(주),2012/12
001070,0.0,0.0,0.2752213462085761,대한방직(주),2012/12
001140,0.0,0.0,0.41727666444251743,(주)국보,2012/12
001210,0.0,0.0,0.3431415289900879,금호전기(주),2012/12
001230,0.0,0.0,0.40824454156644524,동국홀딩스(주),2012/12
001260,0.0,0.0,0.10351771041796788,남광토건(주),2012/12
001340,0.0,0.0,0.21015066357373524,백광산업(주),2013/12
001360,0.0,0.0,0.40048299280954053,삼성제약(주),2012/12
001380,1.0,0.0,0.3546360089731294,(주)에스지글로벌,2012/12
001440,0.0,0.0,0.08044232600282739,대한전선(주),2012/12
001470,0.0,0.0,0.1555323443764893,삼부토건(주),2012/12
001520,0.0,0.0,0.19495769342449035,(주)동양,2012/12
001530,1.0,0.0,0.3866814561255938,디아이동일(주),2012/12
001550,1.0,0.0,0.20862224836787296,(주)조비,2012/12
001620,1.0,0.0,0.41001597141539653,케이비아이동국실업(주),2014/12
001770,1.0,0.0,0.4183697409187679,(주)신화다이나믹스,2013/12
001780,1.0,0.0,0.36005772278674125,(주)알루코,2012/12
001810,1.0,0.0,0.34350575439205727,무림에스피(주),2019/12
001820,1.0,0.0,0.3914397986975421,삼화콘덴서공업(주),2014/12
001840,1.0,1.0,0.7184358181811619,이화공영(주),2018/12
002000,0.0,0.0,0.25406678839659114,한국유리공업(주),2012/12
002020,0.0,0.0,0.4980735886089614,(주)코오롱,2012/12
002070,0.0,0.0,0.4855394532881873,(주)비비안,2012/12
002200,1.0,0.0,0.3445355372385542,한국수출포장공업(주),2017/12
002210,0.0,0.0,0.36876255256412876,동성제약(주),2013/12
002220,0.0,0.0,0.30957733213724253,한일철강(주),2012/12
002230,1.0,0.0,0.32447581037749545,피에스텍(주),2012/12
002250,1.0,0.0,0.4268211451077542,알보젠코리아(주),2012/12
002300,0.0,0.0,0.3944851904078147,한국제지(주),2018/12
002310,1.0,0.0,0.39748388403920504,아세아제지(주),2015/12
002320,0.0,0.0,0.36861372185807917,(주)한진,2016/12
002360,0.0,1.0,0.5102540694032314,(주)SH에너지화학,2019/12
002390,1.0,0.0,0.34337361763750784,(주)한독,2017/12
002410,0.0,0.0,0.03177139331604146,범양건영(주),2012/12
002420,0.0,0.0,0.22902834034607947,세기상사(주),2012/12
002450,1.0,0.0,0.3327392005228231,(주)삼익악기,2017/12
002680,0.0,0.0,0.33014980308203024,(주)한탑,2013/12
002690,1.0,0.0,0.4839805959923391,동일제강(주),2018/12
002700,0.0,1.0,0.577625486896497,신일전자(주),2014/12
002710,0.0,0.0,0.42290378416823216,(주)TCC스틸,2012/12
002720,0.0,1.0,0.5351365143178222,국제약품(주),2013/12
002780,0.0,0.0,0.18942452950632344,진흥기업(주),2012/12
002820,1.0,0.0,0.34225901730901853,(주)선앤엘,2012/12
002870,0.0,0.0,0.2692869815668797,(주)신풍,2012/12
002880,0.0,0.0,0.4316480880151551,(주)대유에이텍,2017/12
002900,1.0,0.0,0.45437999812357793,티와이엠(주),2014/12
002990,1.0,0.0,0.026166052719299893,금호건설(주),2012/12
003010,0.0,0.0,0.3813964514451526,(주)혜인,2012/12
003060,0.0,0.0,0.21977841844390245,(주)에이프로젠바이오로직스,2012/12
003070,0.0,1.0,0.5236738453232328,코오롱글로벌(주),2012/12
003080,1.0,0.0,0.37843777632526615,성보화학(주),2017/12
003120,0.0,0.0,0.44239751317022935,일성신약(주),2019/12
003160,1.0,0.0,0.37287399089700735,(주)디아이,2012/12
003280,0.0,0.0,0.3608091164552746,흥아해운(주),2016/12
003300,1.0,1.0,0.5137166575415482,한일홀딩스(주),2018/12
003310,1.0,0.0,0.4267223704374606,대주산업(주),2012/12
003350,0.0,0.0,0.36520931897374653,(주)한국화장품제조,2012/12
003480,0.0,0.0,0.3414327397911186,(주)한진중공업홀딩스,2012/12
003490,0.0,1.0,0.5172471844959429,(주)대한항공,2012/12
003520,1.0,0.0,0.4928174588623194,영진약품(주),2018/12
003560,0.0,0.0,0.3893295364305746,(주)아이에이치큐,2013/12
003570,1.0,0.0,0.4684363937220154,SNT다이내믹스(주),2014/12
003580,0.0,0.0,0.2456405769727577,에이치엘비글로벌(주),2012/12
003620,0.0,0.0,0.3636008939927965,케이지모빌리티(주),2012/12
003640,0.0,0.0,0.36383787266602774,유니온스틸(주),2012/12
003680,1.0,0.0,0.4157011451532656,한성기업(주),2014/12
003720,0.0,0.0,0.35802013512648556,(주)삼영,2013/12
003830,0.0,0.0,0.29539587394683975,대한화섬(주),2012/12
003920,0.0,0.0,0.3949575123011855,남양유업(주),2013/12
004000,0.0,0.0,0.415065649536658,롯데정밀화학(주),2013/12
004060,0.0,0.0,0.48696714990037265,(주)에스지세계물산,2012/12
004080,1.0,0.0,0.44220375258898326,(주)신흥,2012/12
004100,0.0,0.0,0.3016962948172435,태양금속공업(주),2019/12
004140,0.0,0.0,0.3238601737716854,(주)동방,2013/12
004150,1.0,0.0,0.3190372854740578,한솔홀딩스(주),2014/12
004200,1.0,0.0,0.2496557373889768,고려개발(주),2015/12
004270,0.0,0.0,0.2526860879617107,(주)남성,2012/12
004410,0.0,0.0,0.37492434217392256,서울식품공업(주),2018/12
004430,1.0,0.0,0.3364582154530198,송원산업(주),2014/12
004540,1.0,0.0,0.4491324492175128,깨끗한나라(주),2015/12
004710,0.0,0.0,0.2510055550596916,한솔테크닉스(주),2012/12
004720,0.0,0.0,0.3282720996738205,팜젠사이언스(주),2012/12
004740,0.0,0.0,0.1879745965817097,(주)보루네오가구,2012/12
004770,0.0,0.0,0.22720282314575896,써니전자(주),2012/12
004790,0.0,0.0,0.010148568271231416,(주)렉스엘이앤지,2012/12
004800,1.0,1.0,0.568160087642945,(주)효성,2012/12
004830,1.0,0.0,0.48194271914281295,(주)덕성,2015/12
004870,1.0,0.0,0.20504919693606402,(주)티웨이홀딩스,2012/12
004890,1.0,1.0,0.5865960723515585,동일산업(주),2019/12
004910,0.0,0.0,0.34083421374616285,조광페인트(주),2018/12
004920,0.0,0.0,0.18162197894324056,(주)씨아이테크,2012/12
004960,1.0,0.0,0.43827727184414567,한신공영(주),2012/12
004970,1.0,0.0,0.4283855672909124,신라교역(주),2015/12
004980,1.0,0.0,0.3359932752009241,성신양회(주),2012/12
004990,1.0,0.0,0.24094176277181845,롯데지주(주),2017/12
005010,1.0,0.0,0.407134070274126,(주)휴스틸,2016/12
005030,0.0,0.0,0.3601824842488661,부산주공(주),2012/12
005070,0.0,0.0,0.23624192881191558,코스모신소재(주),2012/12
005090,1.0,0.0,0.32131580005433574,에스지씨에너지(주),2014/12
005110,1.0,0.0,0.35612898833300843,(주)한창,2015/12
005320,1.0,0.0,0.45972790038763095,(주)국동,2017/12
005360,1.0,0.0,0.36019542202411065,(주)모나미,2013/12
005420,0.0,0.0,0.280374349624282,코스모화학(주),2012/12
005450,0.0,0.0,0.20870278466537115,(주)신한,2012/12
005620,0.0,0.0,0.22234162460648355,(주)대성합동지주,2012/12
005690,0.0,0.0,0.13229768115262122,파미셀(주),2012/12
005750,0.0,0.0,0.31266371788245273,대림비앤코(주),2012/12
005850,1.0,1.0,0.5505684616815465,에스엘(주),2018/12
005860,1.0,1.0,0.5217843817622784,한일사료(주),2012/12
005870,0.0,0.0,0.23803324238986898,(주)휴니드테크놀러지스,2012/12
005880,1.0,0.0,0.10445280590968901,대한해운(주),2012/12
005900,0.0,0.0,0.05137581940196483,(주)동양건설산업,2012/12
005950,0.0,1.0,0.5450079547562112,(주)이수화학,2013/12
005960,0.0,0.0,0.44990185540301114,동부건설(주),2012/12
005980,0.0,0.0,0.3776346656148091,성지건설(주),2015/12
006050,1.0,0.0,0.3947386025739223,(주)국영지앤엠,2012/12
006060,1.0,0.0,0.446428459768735,(주)화승인더스트리,2013/12
006090,0.0,0.0,0.33628073528434427,(주)사조오양,2013/12
006110,0.0,0.0,0.38977162948134647,삼아알미늄(주),2013/12
006200,0.0,0.0,0.2740309648117366,(주)한국전자홀딩스,2012/12
006340,1.0,1.0,0.6960575567842228,대원전선(주),2017/12
006360,0.0,0.0,0.09025299671828348,지에스건설(주),2013/12
006370,0.0,0.0,0.21051005346547294,(주)대구백화점,2019/12
006380,0.0,1.0,0.582582065482851,(주)카프로,2012/12
006390,1.0,0.0,0.2578124942498993,한일현대시멘트(주),2012/12
006400,1.0,1.0,0.5160734679646297,삼성SDI(주),2013/12
006490,0.0,0.0,0.0701077551280765,(주)인스코비,2012/12
006570,0.0,0.0,0.32280805427957465,대림통상(주),2012/12
006580,1.0,0.0,0.33339822641478023,대양제지공업(주),2015/12
006650,1.0,1.0,0.5569390018363474,대한유화(주),2012/12
006660,0.0,0.0,0.3771854502823395,삼성공조(주),2018/12
006730,0.0,0.0,0.26330131550917046,(주)서부티엔디,2012/12
006740,1.0,0.0,0.35298123879136906,영풍제지(주),2015/12
006880,0.0,0.0,0.3222056623743102,신송홀딩스(주),2016/12
006910,0.0,0.0,0.4031708728782925,보성파워텍(주),2013/12
006980,0.0,0.0,0.4538016234750494,(주)우성,2017/12
007110,0.0,0.0,0.3289759348776526,(주)일신석재,2014/12
007120,0.0,0.0,0.19470393837524808,(주)미래아이앤지,2013/12
007190,0.0,0.0,0.37155197272427887,한솔아트원제지(주),2012/12
007210,1.0,0.0,0.40218568664526927,(주)벽산,2019/12
007280,0.0,0.0,0.3331938921434373,(주)한국특강,2012/12
007370,0.0,0.0,0.39479867820062275,진양제약(주),2015/12
007390,1.0,0.0,0.34595908034647305,(주)네이처셀,2012/12
007460,1.0,0.0,0.26062910405367545,(주)에이프로젠,2013/12
007530,0.0,0.0,0.3480732617894844,(주)와이엠,2016/12
007610,0.0,0.0,0.413468699089392,선도전기(주),2018/12
007630,0.0,0.0,0.3900159937039848,(주)폴루스바이오팜,2012/12
007660,0.0,0.0,0.3902792621317298,(주)이수페타시스,2017/12
007720,1.0,0.0,0.2635592992186731,(주)대명소노시즌,2012/12
007810,1.0,0.0,0.38439850255828706,(주)코리아써키트,2018/12
007820,1.0,0.0,0.21064355642877794,(주)에스엠코어,2016/12
007860,0.0,0.0,0.3144069407096319,(주)서연,2017/12
007980,1.0,0.0,0.48856365693857357,태평양물산(주),2012/12
008040,0.0,0.0,0.3793130447102626,사조동아원(주),2012/12
008290,1.0,0.0,0.4377827864593579,원풍물산(주),2014/12
008350,1.0,0.0,0.35841487462916305,(주)남선알미늄,2012/12
008420,1.0,1.0,0.5264225399635298,문배철강(주),2012/12
008500,0.0,0.0,0.33715229589638923,일정실업(주),2017/12
008600,1.0,0.0,0.467979257936356,(주)윌비스,2012/12
008700,0.0,1.0,0.5091240711362024,아남전자(주),2012/12
008800,1.0,0.0,0.37002485313859806,(주)행남사,2012/12
008830,0.0,0.0,0.33600961236973054,대동기어(주),2012/12
008900,0.0,0.0,0.020949421902289975,(주)티이씨앤코,2012/12
008970,0.0,0.0,0.35587393748350066,동양철관(주),2013/12
009140,0.0,0.0,0.30748887766493244,경인전자(주),2017/12
009150,1.0,1.0,0.6987304946297386,삼성전기(주),2014/12
009190,0.0,0.0,0.043755728052133534,(주)대양금속,2012/12
009200,1.0,0.0,0.3953877028755349,무림페이퍼(주),2012/12
009270,1.0,1.0,0.5259209726470861,(주)신원,2012/12
009310,1.0,0.0,0.19538070732738785,참엔지니어링(주),2012/12
009320,0.0,0.0,0.22047021764173771,대우전자부품(주),2012/12
009410,1.0,0.0,0.35085063517998877,(주)태영건설,2014/12
009420,0.0,0.0,0.40612265606833103,한올바이오파마(주),2012/12
009460,1.0,0.0,0.4054480415514234,(주)한창제지,2012/12
009470,1.0,0.0,0.4368087105355305,삼화전기(주),2012/12
009520,0.0,1.0,0.564796432801067,(주)포스코엠텍,2013/12
009540,0.0,0.0,0.22270088600998497,에이치디한국조선해양(주),2014/12
009580,1.0,0.0,0.3826240346019067,무림피앤피(주),2014/12
009620,0.0,0.0,0.41230787829661053,삼보산업(주),2013/12
009730,1.0,0.0,0.28354697776452303,(주)코센,2012/12
009770,1.0,1.0,0.5410827720373408,삼정펄프(주),2018/12
009810,0.0,0.0,0.14886582680015284,(주)플레이그램,2012/12
009830,0.0,1.0,0.5282137378320252,한화솔루션(주),2012/12
010060,0.0,0.0,0.42191169249215354,오씨아이홀딩스(주),2013/12
010100,0.0,0.0,0.40768779442856595,한국무브넥스(주),2017/12
010140,0.0,0.0,0.10117649737302083,삼성중공업(주),2015/12
010170,0.0,0.0,0.2779026305271634,대한광통신(주),2013/12
010280,0.0,0.0,0.4871797281545013,쌍용정보통신(주),2014/12
010580,0.0,0.0,0.31066698681750754,(주)에스엠벡셀,2012/12
010600,1.0,1.0,0.6461782894036784,웰바이오텍(주),2014/12
010620,0.0,0.0,0.1835784114500113,(주)현대미포조선,2013/12
010640,0.0,0.0,0.3612137043845705,진양폴리우레탄(주),2016/12
010660,1.0,1.0,0.5194255111339326,화천기계(주),2016/12
010690,0.0,0.0,0.38176192407826526,(주)화신,2017/12
010770,0.0,0.0,0.40264709229303336,평화홀딩스(주),2012/12
010820,0.0,0.0,0.3486955186153728,퍼스텍(주),2016/12
010950,1.0,1.0,0.6702670945672169,에쓰-오일(주),2014/12
011000,0.0,0.0,0.17113152302725504,진원생명과학(주),2012/12
011070,1.0,0.0,0.4673577444596067,LG이노텍(주),2012/12
011080,1.0,0.0,0.21825820628091797,(주)형지아이앤씨,2012/12
011090,1.0,0.0,0.41768721133878545,(주)에넥스,2012/12
011160,0.0,0.0,0.05225123816630523,두산건설(주),2012/12
011200,0.0,0.0,0.07253011987744797,에이치엠엠(주),2012/12
011210,0.0,1.0,0.569987628981391,현대위아(주),2017/12
011230,0.0,0.0,0.12329694293001907,삼화전자공업(주),2012/12
011280,1.0,0.0,0.3224423022920284,태림포장(주),2015/12
011300,0.0,0.0,0.4107900658964827,(주)성안,2012/12
011320,1.0,0.0,0.395167963555256,(주)유니크,2018/12
011330,0.0,0.0,0.1832693500890661,(주)유니켐,2012/12
011390,1.0,0.0,0.2871623727999423,부산산업(주),2012/12
011420,1.0,0.0,0.4560087369005632,(주)갤럭시아에스엠,2014/12
011560,1.0,1.0,0.6529295391763023,(주)세보엠이씨,2019/12
011690,0.0,1.0,0.5029340746017971,(주)와이투솔루션,2012/12
011720,0.0,0.0,0.1275889975258449,현대페인트(주),2012/12
011810,0.0,0.0,0.1426181019816205,(주)STX,2012/12
011930,0.0,0.0,0.15288862743465503,(주)신성이엔지,2012/12
012030,1.0,0.0,0.17636318609130017,(주)디비아이엔씨,2014/12
012160,0.0,0.0,0.3545330972888045,(주)영흥,2016/12
012170,0.0,0.0,0.14052975120902378,(주)아센디오,2014/12
012280,0.0,0.0,0.4351803474135688,영화금속(주),2018/12
012320,1.0,0.0,0.4151670728573263,(주)경동인베스트,2015/12
012340,0.0,0.0,0.22567415474021887,(주)뉴인텍,2012/12
012450,0.0,0.0,0.43117105810500306,한화에어로스페이스(주),2014/12
012600,0.0,0.0,0.2888200326633979,(주)청호ICT,2012/12
012630,1.0,1.0,0.5349432133877098,에이치디씨(주),2013/12
012650,0.0,0.0,0.03477666683070269,쌍용건설(주),2012/12
012690,1.0,1.0,0.5441466544730431,(주)모나리자,2018/12
012800,0.0,1.0,0.5787351441075365,(주)대창,2012/12
012860,0.0,0.0,0.32600876282256086,(주)모베이스전자,2017/12
013310,1.0,0.0,0.3346415222115178,아진산업(주),2018/12
013360,1.0,0.0,0.44453495334783605,일성건설(주),2012/12
013580,0.0,0.0,0.3164368747592019,계룡건설산업(주),2013/12
013700,0.0,0.0,0.2916841917614337,(주)까뮤이앤씨,2012/12
013720,0.0,0.0,0.3609253898533851,씨비아이(주),2016/12
013810,1.0,0.0,0.32706582756981817,(주)스페코,2013/12
013990,0.0,0.0,0.4257441467413224,(주)아가방앤컴퍼니,2014/12
014100,0.0,1.0,0.6301884036561369,메디앙스(주),2012/12
014160,1.0,0.0,0.4612408766156478,대영포장(주),2017/12
014190,0.0,1.0,0.579026846557116,(주)원익큐브,2012/12
014200,0.0,1.0,0.5571525716988391,(주)광림,2014/12
014280,0.0,0.0,0.31997762131596696,금강공업(주),2019/12
014350,0.0,0.0,0.0655006804131172,(주)신일건업,2012/12
014470,1.0,0.0,0.48803115904938327,(주)부방,2017/12
014620,0.0,0.0,0.3725392344317013,(주)성광벤드,2017/12
014790,0.0,0.0,0.1790927559552392,에이치엘디앤아이한라(주),2012/12
014910,0.0,0.0,0.48277970936516745,성문전자(주),2012/12
014940,0.0,0.0,0.16511072790881953,(주)오리엔탈정공,2012/12
014970,1.0,0.0,0.3329452976364077,삼륭물산(주),2018/12
014990,0.0,0.0,0.42706466077252236,(주)인디에프,2012/12
015020,1.0,0.0,0.19145849911552917,(주)이스타코,2012/12
015260,0.0,0.0,0.4086361259133617,(주)에이엔피,2016/12
015360,1.0,0.0,0.4933461164987258,(주)예스코홀딩스,2014/12
015590,0.0,0.0,0.41344347228086686,케이아이비플러그에너지(주),2014/12
015760,0.0,0.0,0.3632892400393304,한국전력공사(주),2012/12
015860,1.0,0.0,0.3784609865650295,일진홀딩스(주),2012/12
015890,1.0,0.0,0.33077356000230346,태경산업(주),2015/12
016100,0.0,0.0,0.4093676490209552,(주)리더스코스메틱,2017/12
016250,1.0,0.0,0.3150630064232065,에스지씨이테크건설(주),2013/12
016380,0.0,0.0,0.4575950978305537,KG스틸(주),2012/12
016880,0.0,0.0,0.009318111357253366,(주)웅진,2012/12
016920,0.0,0.0,0.38278600328762746,(주)카스,2014/12
017000,1.0,0.0,0.44293228268807255,신원종합개발(주),2015/12
017180,1.0,0.0,0.28650413840918715,명문제약(주),2012/12
017370,0.0,0.0,0.36063953132952287,(주)우신시스템,2018/12
017390,0.0,1.0,0.5334617631186245,서울도시가스(주),2015/12
017650,1.0,0.0,0.2889738986902714,(주)대림제지,2015/12
017680,0.0,1.0,0.5013170598645827,(주)데코앤이,2012/12
017900,0.0,0.0,0.4367148380934021,광전자(주),2012/12
017940,0.0,1.0,0.5757485083590447,(주)이원,2015/12
018000,0.0,0.0,0.3295874076416252,유니슨(주),2012/12
018290,0.0,0.0,0.40845451725365256,(주)브이티지엠피,2012/12
018470,0.0,0.0,0.48158234620633417,조일알미늄(주),2014/12
018620,0.0,0.0,0.41019772356971007,우진비앤지(주),2015/12
018680,0.0,0.0,0.33566993496193837,(주)서울제약,2015/12
019010,0.0,0.0,0.24721155476462658,베뉴지(주),2012/12
019170,1.0,0.0,0.36507586227839733,신풍제약(주),2015/12
019180,0.0,0.0,0.24830857553753327,(주)티에이치엔,2012/12
019210,0.0,0.0,0.37560713338157226,(주)와이지-원,2019/12
019490,0.0,1.0,0.5403585874819633,(주)하이트론씨스템즈,2012/12
019540,0.0,0.0,0.2942193609947845,(주)일지테크,2017/12
019660,0.0,0.0,0.43208837044587894,글로본(주),2018/12
019770,0.0,0.0,0.3169384566296743,(주)서연탑메탈,2018/12
020120,1.0,0.0,0.19275876880345952,(주)키다리스튜디오,2012/12
020150,0.0,0.0,0.31783101859339125,롯데에너지머티리얼즈(주),2012/12
020400,1.0,0.0,0.41336781778344517,대동금속(주),2012/12
020560,0.0,0.0,0.3289302319334965,아시아나항공(주),2013/12
020710,0.0,0.0,0.40815958240096506,(주)시공테크,2015/12
020760,0.0,0.0,0.3534303957272133,일진디스플레이(주),2015/12
021040,0.0,0.0,0.3447896522889956,(주)대호특수강,2012/12
021050,0.0,1.0,0.5763170475824005,(주)서원,2012/12
021320,0.0,1.0,0.5540418023982722,(주)케이씨씨건설,2012/12
022220,0.0,0.0,0.3626034774503639,티케이지애강(주),2012/12
023150,1.0,0.0,0.31757814672549384,(주)MH에탄올,2013/12
023410,1.0,0.0,0.30081677033072746,유진기업(주),2012/12
023430,1.0,0.0,0.17582958956115222,아이이(주),2012/12
023440,0.0,0.0,0.2347332963907662,제이스코홀딩스(주),2012/12
023530,0.0,1.0,0.6209370684839142,롯데쇼핑(주),2019/12
023770,0.0,0.0,0.1878346219461519,(주)플레이위드코리아,2012/12
023790,0.0,0.0,0.3259539536370001,동일철강(주),2012/12
023800,0.0,0.0,0.3763414770983442,인지컨트롤스(주),2019/12
023810,1.0,0.0,0.35352657137936905,(주)인팩,2017/12
023960,0.0,0.0,0.32018344022676803,에쓰씨엔지니어링(주),2012/12
024060,1.0,1.0,0.556514397901614,흥구석유(주),2013/12
024070,1.0,0.0,0.4557085378042553,(주)위스컴,2018/12
024090,1.0,0.0,0.4427639512776617,디씨엠(주),2014/12
024660,1.0,0.0,0.27812949943655746,(주)하림홀딩스,2012/12
024740,1.0,0.0,0.34849474284819915,한일단조공업(주),2012/12
024800,1.0,0.0,0.40141170226652373,(주)유성티엔에스,2012/12
024810,0.0,0.0,0.30098277937171347,이화전기공업(주),2012/12
024830,0.0,0.0,0.3396961907643757,(주)세원물산,2012/12
024840,1.0,1.0,0.7010556915795184,케이비아이메탈(주),2012/12
024850,0.0,0.0,0.4552718915229522,에이치엘비이노베이션(주),2014/12
024890,1.0,0.0,0.3936110965554814,대원화성(주),2012/12
024900,0.0,1.0,0.6445380844465265,덕양산업(주),2012/12
024910,1.0,0.0,0.43365954230334386,경창산업(주),2012/12
024940,1.0,1.0,0.5453852714083955,(주)피엔풍년,2019/12
024950,0.0,0.0,0.3367620967033646,삼천리자전거(주),2017/12
025270,0.0,0.0,0.3486850432602512,부산방직공업(주),2014/12
025320,1.0,1.0,0.56533435452633,(주)시노펙스,2012/12
025440,0.0,1.0,0.5485588437143887,(주)디에이치오토웨어,2012/12
025560,0.0,0.0,0.09540065970496106,미래산업(주),2012/12
025620,0.0,0.0,0.1981576631751885,제이준코스메틱(주),2012/12
025750,1.0,0.0,0.3969847267685566,(주)한솔홈데코,2012/12
025820,0.0,0.0,0.3095607051704088,이구산업(주),2012/12
025850,0.0,0.0,0.36337508791768,한화화인케미칼(주),2012/12
025860,1.0,1.0,0.5927468980117429,남해화학(주),2012/12
025870,1.0,1.0,0.5318067622865622,신라에스지(주),2012/12
025880,0.0,0.0,0.35116929873836294,(주)케이씨피드,2014/12
025890,1.0,0.0,0.27222343589539344,한국주강(주),2013/12
025900,0.0,0.0,0.3279696987553776,동화기업(주),2012/12
025950,1.0,0.0,0.38885780404135417,동신건설(주),2019/12
025980,0.0,0.0,0.252415109774119,(주)아난티,2012/12
026040,0.0,1.0,0.5323028070315047,(주)제이에스티나,2017/12
026150,0.0,0.0,0.4536804496309586,(주)특수건설,2012/12
026180,0.0,0.0,0.3351698522995176,현대정보기술(주),2012/12
026260,0.0,0.0,0.040171592909459854,(주)위너지스,2012/12
026910,1.0,1.0,0.5118268669315722,광진실업(주),2013/12
027040,0.0,0.0,0.41116755877431144,서울전자통신(주),2012/12
027050,0.0,0.0,0.43378048585732365,(주)코리아나화장품,2012/12
027390,0.0,0.0,0.27899544475949967,(주)한화갤러리아타임월드,2016/12
027580,0.0,0.0,0.39423039900895174,(주)상보,2014/12
027710,1.0,0.0,0.4846419662564693,(주)팜스토리,2013/12
027740,0.0,0.0,0.32554481242784966,(주)마니커,2012/12
027970,0.0,0.0,0.24163037717954916,한국제지(주),2012/12
028040,0.0,0.0,0.042150002790173315,(주)미래SCI,2012/12
028260,0.0,0.0,0.42751440246695066,삼성물산(주),2015/12
028300,0.0,0.0,0.2785517597307004,에이치엘비(주),2012/12
028670,0.0,0.0,0.2832851049008702,팬오션(주),2012/12
029480,0.0,0.0,0.20016184061267894,(주)광무,2012/12
030200,1.0,1.0,0.596378724462104,(주)케이티,2014/12
030270,1.0,0.0,0.3128190651995685,(주)에스마크,2012/12
030350,1.0,0.0,0.18398258818431149,(주)드래곤플라이,2013/12
030720,0.0,1.0,0.5621910742442995,동원수산(주),2012/12
030790,0.0,0.0,0.33890452235751867,비케이탑스(주),2012/12
031310,1.0,1.0,0.559200186068167,(주)아이즈비전,2012/12
031330,1.0,1.0,0.5947268958535208,(주)에스에이엠티,2014/12
031390,1.0,0.0,0.31884180477760254,(주)녹십자셀,2013/12
031510,1.0,0.0,0.38213295963748917,(주)오스템,2014/12
031820,0.0,1.0,0.602064604273898,(주)콤텍시스템,2013/12
031860,0.0,0.0,0.2019631118614777,에스유홀딩스(주),2013/12
032040,0.0,0.0,0.2558300018761762,(주)씨앤에스자산관리,2014/12
032080,1.0,0.0,0.44550681037546835,(주)아즈텍더블유비이,2013/12
032280,1.0,0.0,0.4409886734853284,(주)삼일,2015/12
032350,0.0,0.0,0.1775330254722464,롯데관광개발(주),2019/12
032420,0.0,0.0,0.12710203018604094,(주)터보테크,2012/12
032500,0.0,0.0,0.29744178815260036,(주)케이엠더블유,2014/12
032540,1.0,0.0,0.37784727595121415,티제이미디어(주),2014/12
032580,0.0,0.0,0.47626350147724233,(주)피델릭스,2015/12
032640,1.0,1.0,0.6580746261716098,(주)엘지유플러스,2012/12
032680,1.0,1.0,0.504294130848554,(주)소프트센,2015/12
032790,0.0,0.0,0.24621575438306262,(주)엠젠솔루션,2012/12
032820,0.0,0.0,0.20308959852494576,(주)우리기술,2012/12
032850,1.0,0.0,0.316191820036319,(주)비트컴퓨터,2018/12
032860,0.0,0.0,0.37155768058278005,더라미(주),2012/12
032940,0.0,0.0,0.2841087770640689,(주)원익,2012/12
032960,1.0,0.0,0.4484151987553737,(주)동일기연,2018/12
032980,0.0,0.0,0.2065978792755582,바이온(주),2017/12
033050,0.0,0.0,0.20092292604180045,제이엠아이(주),2012/12
033100,0.0,0.0,0.3343768549365391,제룡전기(주),2016/12
033110,1.0,0.0,0.2928182189931955,(주)코너스톤네트웍스,2012/12
033170,1.0,0.0,0.365289849385031,시그네틱스(주),2014/12
033180,0.0,0.0,0.3010260662554695,(주)케이에이치필룩스,2018/12
033230,1.0,1.0,0.5011224259597206,(주)인성정보,2015/12
033240,0.0,0.0,0.44214936325442405,자화전자(주),2018/12
033290,0.0,0.0,0.2481192346828262,코웰패션(주),2013/12
033310,0.0,0.0,0.31088456842683027,(주)엠투엔,2019/12
033320,1.0,1.0,0.635499095213777,제이씨현시스템(주),2012/12
033340,1.0,1.0,0.6212510131033264,(주)좋은사람들,2013/12
033430,0.0,0.0,0.16121808637910226,디에스티(주),2012/12
033500,0.0,0.0,0.2431718777677474,(주)동성화인텍,2017/12
033530,0.0,0.0,0.36907578317934736,세종공업(주),2017/12
033540,0.0,1.0,0.5852936539258811,(주)파라텍,2018/12
033560,0.0,0.0,0.18805497976272692,(주)블루콤,2019/12
033600,0.0,0.0,0.28653733644160584,럭슬(주),2012/12
033640,0.0,0.0,0.3401088950800148,(주)네패스,2013/12
033790,0.0,0.0,0.2982880536706906,(주)스카이문스테크놀로지,2012/12
033920,0.0,0.0,0.29815470364552454,(주)무학,2018/12
034020,1.0,1.0,0.5569649315919787,두산에너빌리티(주),2015/12
034120,1.0,0.0,0.43659185840668724,(주)에스비에스,2014/12
034220,0.0,0.0,0.23587783379407573,엘지디스플레이(주),2019/12
034230,0.0,0.0,0.30055489123622275,(주)파라다이스,2017/12
034300,1.0,0.0,0.10849098284292008,신세계건설(주),2013/12
034940,0.0,0.0,0.33963010126714416,조아제약(주),2014/12
035290,0.0,0.0,0.3191398024493262,(주)골드앤에스,2012/12
035460,1.0,0.0,0.49088933428740056,(주)기산텔레콤,2012/12
035480,0.0,0.0,0.18968407072157328,(주)제이테크놀로지,2012/12
035610,0.0,0.0,0.380895238502107,(주)솔본,2012/12
035620,0.0,0.0,0.115763477440501,(주)바른손이앤에이,2013/12
035810,1.0,0.0,0.43149928975668606,(주)이지홀딩스,2013/12
035890,1.0,0.0,0.47263938687456497,(주)서희건설,2012/12
035900,1.0,0.0,0.2692002432701326,(주)제이와이피엔터테인먼트,2013/12
036000,0.0,0.0,0.31210633376246805,(주)예림당,2019/12
036010,1.0,0.0,0.337921279011045,아비코전자(주),2012/12
036030,1.0,1.0,0.5688740782927669,(주)케이티알파,2012/12
036090,0.0,0.0,0.2538368750829554,(주)위지트,2019/12
036170,1.0,0.0,0.44071543261643686,(주)클라우드에어,2012/12
036180,1.0,0.0,0.32545241742709,지더블유바이텍(주),2012/12
036210,0.0,0.0,0.2324536255925446,태산엘시디(주),2012/12
036220,0.0,0.0,0.42604711246126364,(주)인포피아,2012/12
036260,0.0,0.0,0.331927470654029,(주)이매진아시아,2012/12
036490,1.0,0.0,0.36109697422240106,에스케이 머티리얼즈(주),2013/12
036500,0.0,0.0,0.3509622551181756,(주)에스에스컴텍,2014/12
036540,1.0,0.0,0.24898457381894148,(주)에스에프에이반도체,2013/12
036580,1.0,0.0,0.4746398599372996,(주)팜스코,2013/12
036620,0.0,0.0,0.22107034551879973,감성코퍼레이션(주),2012/12
036630,0.0,0.0,0.4060755522739522,세종텔레콤(주),2012/12
036710,1.0,0.0,0.26719194268697677,(주)심텍홀딩스,2013/12
036930,0.0,0.0,0.07500706363079479,주성엔지니어링(주),2012/12
037230,0.0,1.0,0.5536477293049906,(주)한국팩키지,2012/12
037270,0.0,0.0,0.19480203481384303,(주)와이지플러스,2014/12
037340,0.0,0.0,0.3124778865715642,(주)씨엘인터내셔널,2013/12
037370,1.0,1.0,0.5276020552129361,(주)이지,2012/12
037400,1.0,0.0,0.4127733024428436,우리엔터프라이즈(주),2014/12
037460,1.0,0.0,0.29838053936478115,삼지전자(주),2014/12
037950,0.0,0.0,0.02088160131834607,엘컴텍(주),2012/12
038060,0.0,0.0,0.43574836740133766,(주)루멘스,2017/12
038110,0.0,0.0,0.4103554542605513,에코플라스틱(주),2017/12
038290,1.0,0.0,0.3353028478792953,(주)마크로젠,2019/12
038340,0.0,0.0,0.3984886195157342,(주)무궁화인포메이션테크놀로지,2012/12
038500,0.0,0.0,0.29954307471582414,(주)삼표시멘트,2012/12
038530,0.0,0.0,0.12085724490210312,(주)케이바이오컴퍼니,2013/12
038620,0.0,0.0,0.11343635458848947,위즈코프(주),2012/12
038680,0.0,1.0,0.5744014408385113,에스넷시스템(주),2015/12
038880,0.0,0.0,0.05087782178849708,(주)아이에이,2012/12
038950,0.0,0.0,0.43303117225217913,(주)파인디지털,2015/12
039010,1.0,0.0,0.46295507501386235,현대에이치티(주),2013/12
039020,0.0,0.0,0.3293069325835011,(주)이건홀딩스,2012/12
039130,0.0,0.0,0.33379739830436295,(주)하나투어,2019/12
039200,0.0,0.0,0.29979942581523095,(주)오스코텍,2012/12
039230,0.0,0.0,0.18024875639204954,에이아이비트(주),2012/12
039290,0.0,0.0,0.4470789636419516,인포뱅크(주),2013/12
039530,0.0,0.0,0.30680366774023227,(주)씨앤케이인터내셔널,2013/12
039560,0.0,0.0,0.3898074284841778,(주)다산네트웍스,2014/12
039740,1.0,1.0,0.5758162624353571,한국정보공학(주),2012/12
039790,0.0,0.0,0.3305829139732341,(주)위노바,2012/12
039840,0.0,0.0,0.3736053348878277,(주)디오,2013/12
039850,0.0,0.0,0.21558761368756957,(주)태창파로스,2012/12
039860,0.0,0.0,0.22849121298549077,(주)나노엔텍,2012/12
039980,0.0,1.0,0.5589134136081275,(주)리노스,2019/12
040160,1.0,0.0,0.2876800424033753,(주)누리플렉스,2012/12
040300,0.0,0.0,0.22696959754777593,(주)와이티엔,2014/12
040350,0.0,0.0,0.22856340672476103,(주)큐로컴,2012/12
040610,0.0,0.0,0.4184613208671836,(주)에스지엔지,2018/12
040670,0.0,0.0,0.016557497795604184,(주)와이즈파워,2012/12
041520,1.0,1.0,0.5797807280048671,(주)이라이콤,2017/12
041590,0.0,0.0,0.23154548165354202,(주)플래스크,2015/12
041910,0.0,0.0,0.3809286418257427,(주)에스텍파마,2014/12
041960,0.0,0.0,0.3670429896463037,(주)코미팜,2012/12
042040,0.0,0.0,0.07240893105339861,(주)케이피엠테크,2012/12
042600,1.0,0.0,0.45291766291634145,(주)새로닉스,2017/12
042660,0.0,1.0,0.7380207999365693,한화오션(주),2012/12
042670,1.0,1.0,0.6780579681176137,에이치디현대인프라코어(주),2012/12
042940,0.0,0.0,0.04494738294675712,(주)상지카일룸,2012/12
043090,0.0,0.0,0.3683022441677612,(주)엑서지21,2014/12
043100,0.0,0.0,0.21536707491410276,(주)솔고바이오메디칼,2012/12
043200,0.0,0.0,0.21686260154903203,(주)파루,2012/12
043220,0.0,0.0,0.0354174487766172,(주)티에스넥스젠,2012/12
043260,0.0,0.0,0.4028870218312528,성호전자(주),2012/12
043290,1.0,0.0,0.2558782421631937,케이맥(주),2012/12
043340,1.0,0.0,0.3602325605429671,(주)에쎈테크,2012/12
043360,0.0,0.0,0.4024460126288593,(주)디지아이,2012/12
043580,0.0,0.0,0.40307325321250226,(주)에임하이글로벌,2014/12
043590,0.0,0.0,0.28689539695201643,웰킵스하이텍(주),2013/12
043610,1.0,0.0,0.3802155494530378,(주)지니뮤직,2013/12
043650,0.0,0.0,0.28678335059557697,(주)국순당,2015/12
043710,0.0,0.0,0.08467827561892999,(주)서울리거,2013/12
043910,0.0,0.0,0.27071421977281024,(주)자연과환경,2012/12
044180,0.0,0.0,0.21111117814152147,KD(주),2013/12
044340,0.0,0.0,0.2982144861800352,(주)위닉스,2015/12
044380,0.0,1.0,0.6895284853368779,(주)주연테크,2012/12
044480,0.0,0.0,0.4310720059076108,(주)블레이드엔터테인먼트,2014/12
044490,1.0,0.0,0.49615018353606544,(주)태웅,2013/12
044780,1.0,0.0,0.464058395847744,(주)에이치케이,2015/12
044820,0.0,0.0,0.23951466486788284,코스맥스비티아이(주),2019/12
045300,0.0,0.0,0.27842208332678847,성우테크론(주),2012/12
045340,0.0,0.0,0.2620280675165471,(주)토탈소프트뱅크,2012/12
045890,1.0,0.0,0.26459928018063567,(주)금빛,2012/12
045970,0.0,0.0,0.4535690302752202,(주)코아시아,2012/12
046070,0.0,0.0,0.3382922202728665,(주)코다코,2017/12
046110,1.0,1.0,0.5243209377389069,한일네트웍스(주),2014/12
046120,0.0,0.0,0.15617439016927007,(주)오르비텍,2013/12
046210,0.0,0.0,0.19931865949987002,에이치엘비파나진(주),2012/12
046310,0.0,0.0,0.33538747846545447,(주)백금티앤에이,2013/12
046400,1.0,0.0,0.09056733665252702,디브이에스코리아(주),2012/12
046890,1.0,0.0,0.393591887908931,서울반도체(주),2014/12
046940,1.0,0.0,0.4610387886736831,우원개발(주),2013/12
046970,0.0,0.0,0.11722717905090037,(주)우리로,2013/12
047040,1.0,0.0,0.2748661088259919,(주)대우건설,2013/12
047080,0.0,0.0,0.37951647496935476,(주)한빛소프트,2015/12
047310,1.0,1.0,0.5914598987496458,(주)파워로직스,2013/12
047400,1.0,0.0,0.39522023635216297,유니온머티리얼(주),2018/12
047440,0.0,0.0,0.36972198302620685,레이젠(주),2012/12
047560,0.0,0.0,0.32947297260062924,(주)이스트소프트,2016/12
047770,0.0,0.0,0.32993251438473253,(주)코데즈컴바인,2012/12
047810,1.0,0.0,0.43472360462257265,한국항공우주산업(주),2017/12
047820,0.0,0.0,0.31313836428494607,(주)초록뱀미디어,2017/12
047920,0.0,0.0,0.469710320550049,에이치엘비제약(주),2016/12
048410,0.0,0.0,0.2600558355350166,현대바이오사이언스(주),2012/12
048470,1.0,1.0,0.6354591035451136,(주)대동스틸,2012/12
048530,0.0,0.0,0.26835947905090834,(주)인트론바이오테크놀로지,2012/12
048770,1.0,0.0,0.337806713042142,(주)티피씨메카트로닉스,2016/12
048830,1.0,0.0,0.37466309733036196,(주)엔피케이,2015/12
048870,0.0,0.0,0.2904110171053092,(주)시너지이노베이션,2012/12
048910,1.0,0.0,0.3315722559025012,대원미디어(주),2013/12
049070,1.0,0.0,0.44946470783616316,인탑스(주),2014/12
049080,0.0,0.0,0.1528362860886734,(주)기가레인,2015/12
049120,0.0,0.0,0.3514897733966697,(주)파인디앤씨,2012/12
049180,0.0,0.0,0.38311714740877173,(주)셀루메드,2013/12
049470,1.0,0.0,0.4120236688455508,에스지에이(주),2012/12
049480,1.0,0.0,0.4596101151402473,(주)오픈베이스,2018/12
049550,0.0,0.0,0.35514225209863237,(주)잉크테크,2013/12
049630,0.0,0.0,0.3632134245612724,재영솔루텍(주),2012/12
049800,0.0,0.0,0.28228371538958325,(주)우진플라임,2014/12
049830,1.0,0.0,0.37888195237577843,(주)승일,2019/12
049950,0.0,0.0,0.3780883427553907,(주)미래컴퍼니,2013/12
050090,0.0,0.0,0.33311335593609215,(주)비케이홀딩스,2012/12
050110,1.0,0.0,0.3246722859833127,(주)캠시스,2016/12
050120,1.0,0.0,0.4916779573619344,(주)ES큐브,2013/12
050320,0.0,0.0,0.48001261920379695,에스에이치엔엘(주),2012/12
050760,0.0,0.0,0.35291455422463625,(주)에스폴리텍,2014/12
050890,1.0,0.0,0.12075825057409072,(주)쏠리드,2016/12
051160,0.0,0.0,0.4237600316813029,(주)지어소프트,2012/12
051170,0.0,0.0,0.3783487908595614,(주)썬코어,2012/12
051310,0.0,0.0,0.3044506210637421,(주)포스코플랜텍,2012/12
051370,0.0,0.0,0.39754432011268953,(주)인터플렉스,2013/12
051380,1.0,1.0,0.6465264820799358,(주)피씨디렉트,2013/12
051630,0.0,0.0,0.4401746799407106,진양화학(주),2017/12
051780,0.0,0.0,0.1819633402148813,(주)큐로홀딩스,2012/12
051980,0.0,0.0,0.2878980157548247,(주)중앙첨단소재,2013/12
052020,0.0,0.0,0.3683650441772391,(주)에스티큐브,2012/12
052190,0.0,0.0,0.02291128975162635,(주)세영디앤씨,2015/12
052270,0.0,0.0,0.12052211323715013,(주)우전,2014/12
052290,0.0,0.0,0.27947787804540913,(주)트레이스,2012/12
052300,1.0,0.0,0.26708833646643976,(주)씨티프라퍼티,2012/12
052400,0.0,0.0,0.4068734072902762,코나아이(주),2016/12
052420,0.0,0.0,0.07411336689583953,오성첨단소재(주),2012/12
052460,1.0,1.0,0.6300689697301967,아이크래프트(주),2019/12
052710,1.0,0.0,0.3056387081411202,(주)아모텍,2014/12
052860,0.0,0.0,0.2257727200196124,(주)아이앤씨테크놀로지,2012/12
052900,0.0,0.0,0.2645503331131857,(주)케이엑스하이텍,2012/12
053030,0.0,0.0,0.3151086423966035,(주)바이넥스,2012/12
053060,0.0,0.0,0.4151685313998189,(주)세동,2012/12
053110,0.0,0.0,0.27478867415115954,(주)소리바다,2017/12
053160,0.0,0.0,0.2595757354505554,(주)프리엠스,2019/12
053280,0.0,1.0,0.5959559467122024,예스이십사(주),2017/12
053290,1.0,0.0,0.4826289826549816,(주)엔이능률,2018/12
053330,0.0,0.0,0.12159507649801796,(주)영진코퍼레이션,2012/12
053450,1.0,0.0,0.3746085950740258,(주)세코닉스,2017/12
053590,0.0,0.0,0.17862732462704356,(주)한국테크놀로지,2012/12
053620,1.0,0.0,0.38384226616088674,(주)태양,2018/12
053660,0.0,0.0,0.4093180710759983,현진소재(주),2012/12
053700,1.0,0.0,0.32361336928961554,삼보모터스(주),2019/12
053810,0.0,0.0,0.06416050109297226,(주)아이팩토리,2012/12
053870,0.0,0.0,0.15910930964102604,(주)지티앤티,2012/12
053950,1.0,0.0,0.19438286413338662,경남제약(주),2013/12
053980,1.0,0.0,0.32940123079281586,오상자이엘(주),2016/12
054040,1.0,0.0,0.4258928619397425,한국컴퓨터(주),2018/12
054090,1.0,0.0,0.4609418681504217,(주)삼진엘앤디,2014/12
054210,0.0,0.0,0.4349374389056897,(주)이랜텍,2017/12
054300,0.0,0.0,0.25865930470275206,(주)팬스타엔터프라이즈,2013/12
054340,0.0,0.0,0.17498766359287302,(주)피앤텔,2012/12
054410,1.0,0.0,0.3045822072294754,(주)케이피티유,2014/12
054450,0.0,0.0,0.42671898484060855,(주)텔레칩스,2012/12
054540,0.0,0.0,0.4089742516525401,삼영엠텍(주),2017/12
054620,0.0,0.0,0.46869332407262954,(주)에이피에스,2017/12
054630,0.0,1.0,0.599048005244518,(주)에이디칩스,2012/12
054780,1.0,0.0,0.3665961905391961,(주)키이스트,2013/12
054920,0.0,0.0,0.2862923353947568,(주)한컴위드,2013/12
054940,1.0,0.0,0.46727375244670344,(주)엑사이엔씨,2012/12
056080,0.0,0.0,0.23847867198566905,(주)유진로봇,2012/12
056090,0.0,0.0,0.3025389618201681,이노시스(주),2016/12
056340,0.0,0.0,0.1721738319744665,(주)씨유전자,2012/12
056360,1.0,0.0,0.37015276139894215,코위버(주),2018/12
056700,1.0,0.0,0.37697665558758686,신화인터텍(주),2014/12
056730,0.0,0.0,0.2414825887777473,씨앤티85(주),2012/12
057030,0.0,0.0,0.40941983068711096,(주)와이비엠넷,2015/12
057500,0.0,0.0,0.14045180303384971,에스케이씨솔믹스(주),2012/12
057540,0.0,0.0,0.2921509524415669,옴니시스템(주),2012/12
057680,1.0,0.0,0.13212530487914628,(주)티사이언티픽,2013/12
057880,0.0,0.0,0.40719166109952526,(주)피에이치씨,2012/12
058110,0.0,0.0,0.25332493654633,(주)멕아이씨에스,2016/12
058220,0.0,0.0,0.21452404905753208,(주)아리온테크놀로지,2016/12
058370,0.0,0.0,0.18716388279391138,(주)비엔씨컴퍼니,2012/12
058430,0.0,0.0,0.46321641604303665,포스코스틸리온(주),2012/12
058450,1.0,0.0,0.21630451431522288,(주)엔터파트너즈,2012/12
058530,1.0,0.0,0.3636123518265085,파나케이아(주),2012/12
058820,0.0,0.0,0.29389177778128656,(주)CMG제약,2012/12
059090,0.0,0.0,0.20184267293955843,(주)미코,2013/12
059100,0.0,0.0,0.2572200743562992,(주)아이컴포넌트,2012/12
059210,1.0,0.0,0.28907185436983074,(주)메타바이오메드,2014/12
060150,0.0,0.0,0.25748158286326955,인선이엔티(주),2012/12
060230,1.0,0.0,0.4449797818427494,소니드(주),2012/12
060240,0.0,0.0,0.34056442452520386,(주)룽투코리아,2013/12
060260,1.0,1.0,0.5018728448647376,(주)뉴보텍,2014/12
060280,0.0,0.0,0.12522027461331864,큐렉소(주),2012/12
060300,1.0,0.0,0.3129628025341499,(주)레드로버,2012/12
060370,1.0,0.0,0.25987781674765464,엘에스마린솔루션(주),2018/12
060380,1.0,0.0,0.43578713812725306,(주)동양에스텍,2012/12
060480,0.0,0.0,0.41338009797752745,국일신동(주),2019/12
060540,0.0,0.0,0.2929998944350181,(주)에스에이티,2012/12
060560,1.0,0.0,0.4191537220043413,(주)홈센타홀딩스,2012/12
060570,0.0,0.0,0.38680371308671196,(주)드림어스컴퍼니,2012/12
060590,1.0,0.0,0.3788183878711742,(주)씨티씨바이오,2014/12
060720,0.0,0.0,0.34422286346335357,(주)케이에이치바텍,2016/12
060900,0.0,0.0,0.30624626579564135,대한그린파워(주),2012/12
060910,0.0,0.0,0.2787606124607269,(주)프리젠,2012/12
061040,1.0,1.0,0.5045437396518023,(주)알에프텍,2014/12
061460,0.0,0.0,0.2952536809523563,(주)한진피앤씨,2012/12
061970,0.0,0.0,0.3127459586630588,엘비세미콘(주),2013/12
062860,1.0,0.0,0.29118675321598997,(주)티엘아이,2013/12
063160,1.0,0.0,0.3995451581275359,(주)종근당바이오,2014/12
063170,0.0,0.0,0.3113871991068504,(주)서울옥션,2019/12
063440,0.0,0.0,0.20766331860894913,(주)에스엠라이프디자인그룹,2012/12
064090,0.0,0.0,0.39992033196329346,(주)웨스트라이즈,2012/12
064240,0.0,1.0,0.5313806502026518,(주)홈캐스트,2012/12
064260,0.0,0.0,0.28502761886578476,(주)다날,2012/12
064290,0.0,0.0,0.1930236177433337,(주)인텍플러스,2013/12
064350,0.0,1.0,0.5744182808020585,현대로템(주),2014/12
064480,1.0,0.0,0.30395466346352956,(주)브리지텍,2017/12
064520,0.0,0.0,0.2293346547598495,(주)테크엘,2017/12
064550,0.0,0.0,0.19183922444543322,(주)바이오니아,2012/12
064800,0.0,0.0,0.37732717948878974,(주)젬백스링크,2012/12
064820,0.0,0.0,0.25730197030500596,(주)케이프,2012/12
065060,0.0,0.0,0.33034371923432826,(주)지엔코,2015/12
065150,0.0,0.0,0.3466177849223484,(주)대산에프앤비,2015/12
065160,0.0,0.0,0.34619781978878217,(주)에프티이앤이,2012/12
065170,1.0,0.0,0.3720627865057596,(주)비엘팜텍,2015/12
065180,0.0,0.0,0.08407614474048537,(주)해피드림,2012/12
065270,0.0,0.0,0.1211281371048161,(주)플렉스컴,2014/12
065420,1.0,0.0,0.38856962541749884,(주)에스아이리소스,2012/12
065440,1.0,0.0,0.2775863197694391,(주)이루온,2012/12
065450,1.0,0.0,0.2695186654815428,(주)빅텍,2012/12
065500,0.0,0.0,0.387547728310962,(주)오리엔트정공,2012/12
065560,0.0,0.0,0.3023817187674212,(주)녹원씨엔아이,2012/12
065570,0.0,0.0,0.40317264691374144,삼영이엔씨(주),2019/12
065620,0.0,0.0,0.19265428234159343,(주)제낙스,2012/12
065650,0.0,0.0,0.0722812946894585,(주)메디프론디비티,2012/12
065660,0.0,0.0,0.2632700717752987,(주)안트로젠,2018/12
065680,1.0,0.0,0.4796366018335861,(주)우주일렉트로닉스,2018/12
065690,1.0,0.0,0.4720228683556988,(주)파커스,2013/12
065770,0.0,0.0,0.37064696455725576,(주)씨에스,2012/12
065940,0.0,0.0,0.23627700151388242,(주)바이오빌,2012/12
065950,1.0,0.0,0.37675499558258824,(주)웰크론,2014/12
066110,0.0,0.0,0.31024022390608724,(주)한프,2012/12
066130,0.0,0.0,0.4257838505239501,(주)하츠,2012/12
066270,0.0,0.0,0.17401273305925075,에스케이커뮤니케이션즈(주),2012/12
066310,1.0,0.0,0.3366672981985295,(주)큐에스아이,2018/12
066350,0.0,0.0,0.2326928082725229,(주)티에스엠텍,2013/12
066360,0.0,0.0,0.37726504186738086,(주)체리부로,2018/12
066410,1.0,0.0,0.13059854706333798,(주)버킷스튜디오,2012/12
066430,0.0,0.0,0.28422143379654047,(주)와이오엠,2018/12
066590,1.0,0.0,0.40796131201368124,우수AMS(주),2012/12
066700,1.0,0.0,0.3568654001592683,(주)테라젠이텍스,2012/12
066790,0.0,0.0,0.26055553509907575,(주)씨씨에스충북방송,2012/12
066900,1.0,0.0,0.4262711557774185,(주)디에이피,2019/12
066910,0.0,0.0,0.4472384710515552,(주)손오공,2012/12
066970,0.0,1.0,0.5487165512701299,(주)엘앤에프,2012/12
066980,0.0,0.0,0.22556098303913044,한성크린텍(주),2012/12
067250,0.0,0.0,0.182590182129295,STX조선해양(주),2012/12
067290,0.0,0.0,0.31129801334368423,제이더블유신약(주),2012/12
067310,0.0,0.0,0.3145183882072369,하나마이크론(주),2012/12
067570,1.0,0.0,0.3720059564488048,엔브이에이치코리아(주),2018/12
067630,0.0,0.0,0.10083918460349293,에이치엘비생명과학(주),2012/12
067770,0.0,0.0,0.4701555096616857,(주)세진티에스,2012/12
067920,0.0,0.0,0.487382993763872,(주)이글루코퍼레이션,2013/12
067990,0.0,1.0,0.6152486296997332,도이치모터스(주),2013/12
068050,0.0,0.0,0.30452707581829125,(주)팬엔터테인먼트,2013/12
068150,0.0,0.0,0.3103947090642663,(주)케이엔씨글로벌,2012/12
068760,0.0,0.0,0.29855002283985355,(주)셀트리온제약,2015/12
068790,0.0,0.0,0.19958289810578927,(주)디엠에스,2012/12
068940,0.0,0.0,0.39153805385912693,(주)셀피글로벌,2014/12
069140,0.0,0.0,0.4019401218494977,(주)누리플랜,2012/12
069330,0.0,0.0,0.2392485528645443,(주)유아이디,2015/12
069410,1.0,0.0,0.35058466696428153,(주)엔텔스,2015/12
069460,0.0,0.0,0.44597490420976765,(주)대호에이엘,2012/12
069540,1.0,0.0,0.34145175226923397,(주)라이트론,2015/12
069640,0.0,0.0,0.3934232629211108,한세엠케이(주),2019/12
069730,1.0,0.0,0.35651397425086945,디에스알제강(주),2012/12
069920,0.0,0.0,0.36419316168965365,(주)아이에스이커머스,2012/12
070300,1.0,0.0,0.3375903855692053,엑스큐어(주),2012/12
070480,0.0,0.0,0.1710263012453878,에버테크노(주),2012/12
070590,1.0,0.0,0.4207886716899587,한솔인티큐브(주),2012/12
070960,0.0,0.0,0.2559234748122464,HJ 매그놀리아 용평 호텔 앤 리조트,2019/12
071090,0.0,0.0,0.34365017711479373,(주)하이스틸,2013/12
071200,1.0,0.0,0.3794117453982485,(주)인피니트헬스케어,2012/12
071280,1.0,0.0,0.44953337823523787,로체시스템즈(주),2012/12
071320,0.0,0.0,0.32378233804095424,한국지역난방공사,2018/12
071460,1.0,0.0,0.4530913854722449,(주)위니아,2018/12
071670,0.0,0.0,0.34258895678740575,에이테크솔루션(주),2012/12
071850,0.0,0.0,0.296975281226688,(주)캐스텍코리아,2019/12
071930,0.0,0.0,0.23424570551562107,에이스하이텍(주),2013/12
071950,1.0,0.0,0.38703304075058814,(주)코아스,2013/12
071970,0.0,0.0,0.05174374145613723,STX중공업(주),2013/12
072130,1.0,0.0,0.4168091312093045,유엔젤(주),2012/12
072520,0.0,1.0,0.5556849204897559,(주)제넨바이오,2013/12
072770,1.0,1.0,0.5358934741485814,(주)율호,2015/12
072870,0.0,0.0,0.3646870765888299,메가스터디(주),2016/12
073010,0.0,0.0,0.44223698183709,(주)케이에스피,2013/12
073070,0.0,0.0,0.362340482062993,(주)에이팸,2018/12
073190,1.0,0.0,0.3791137083375408,(주)듀오백,2012/12
073240,0.0,0.0,0.18005392254910985,금호타이어(주),2017/12
073490,0.0,0.0,0.3912291756331155,(주)이노와이어리스,2014/12
073540,0.0,0.0,0.41300223505235517,(주)에프알텍,2015/12
073570,0.0,0.0,0.15222360561392465,(주)리튬포어스,2012/12
073640,0.0,0.0,0.3032606143000074,테라사이언스(주),2012/12
074000,0.0,0.0,0.09281571513695923,엠텍비젼(주),2012/12
074130,0.0,0.0,0.26384424208668555,(주)디아이디,2013/12
074150,1.0,0.0,0.26833965588107245,(주)엠제이비,2012/12
074430,0.0,0.0,0.11460676132749062,(주)아미노로직스,2012/12
074610,1.0,0.0,0.22841149945558628,(주)이엔플러스,2012/12
075180,0.0,0.0,0.41461857101395894,새론오토모티브(주),2019/12
075970,1.0,0.0,0.41421669636085684,(주)동국알앤에스,2015/12
076080,1.0,0.0,0.4060114677111102,(주)웰크론한텍,2014/12
076610,0.0,0.0,0.37721396895145215,해성옵틱스(주),2017/12
077280,0.0,0.0,0.2851614013459148,(주)한컴지엠디,2012/12
077970,0.0,0.0,0.41600801958330247,STX엔진(주),2012/12
078130,0.0,0.0,0.3181314164451803,국일제지(주),2012/12
078160,0.0,0.0,0.30660622370064905,메디포스트(주),2012/12
078350,1.0,0.0,0.3561922232369081,한양디지텍(주),2012/12
078520,1.0,0.0,0.44396828067899047,(주)에이블씨엔씨,2018/12
078590,0.0,0.0,0.37061805519080926,(주)휴림에이텍,2019/12
078600,0.0,0.0,0.33202531426097676,대주전자재료(주),2013/12
078780,0.0,0.0,0.4276884601172254,(주)아이디에스,2012/12
078860,0.0,0.0,0.27184791638864986,(주)아이오케이컴퍼니,2017/12
078930,1.0,1.0,0.7458907879211644,(주)지에스,2014/12
078940,0.0,0.0,0.22262187458512597,퀀타피아(주),2012/12
079160,0.0,0.0,0.2503523882273024,씨제이씨지브이(주),2019/12
079170,1.0,1.0,0.5242375089844882,한창산업(주),2012/12
079190,1.0,0.0,0.21487959282592498,(주)케스피온,2012/12
079550,1.0,0.0,0.47389632395021464,엘아이지넥스원(주),2017/12
079650,0.0,0.0,0.34166531894853336,(주)서산,2018/12
079660,0.0,1.0,0.5416409897798501,(주)사조해표,2012/12
079810,0.0,1.0,0.5862047872456573,(주)디이엔티,2013/12
079950,1.0,0.0,0.10078165975230036,인베니아(주),2012/12
079970,0.0,0.0,0.13621756531058493,(주)투비소프트,2017/12
079980,1.0,0.0,0.4680172387984464,(주)휴비스,2019/12
080000,1.0,0.0,0.1876080311693091,에스엔유프리시젼(주),2012/12
080160,0.0,0.0,0.41758412640174714,(주)모두투어네트워크,2019/12
080220,0.0,0.0,0.32514431236751373,(주)제주반도체,2012/12
080440,0.0,0.0,0.21131041416589888,(주)에스제이케이,2012/12
080470,0.0,0.0,0.43344220527151617,(주)성창오토텍,2018/12
080530,0.0,0.0,0.1992884939747961,(주)코디,2012/12
080580,0.0,0.0,0.232361028321534,(주)오킨스전자,2015/12
081220,0.0,0.0,0.35502836297551976,세미텍(주),2012/12
081580,0.0,0.0,0.4006558902944436,성우전자(주),2019/12
081660,1.0,0.0,0.4442436214049307,(주)휠라홀딩스,2016/12
081970,0.0,0.0,0.4151069926933453,(주)넥스지,2016/12
082210,0.0,0.0,0.13130744817694132,(주)옵트론텍,2014/12
082270,0.0,0.0,0.2219331627109422,(주)젬백스&카엘,2012/12
082390,0.0,0.0,0.2516282200928831,(주)피엘에이,2012/12
082660,0.0,0.0,0.37460130942434056,(주)코스나인,2016/12
082740,0.0,0.0,0.3171759522047494,에이치에스디엔진(주),2013/12
082800,0.0,1.0,0.6177407611670649,(주)비보존제약,2014/12
082850,1.0,0.0,0.46505758411093223,우리바이오(주),2014/12
083310,1.0,0.0,0.42248041577272066,(주)엘오티베큠,2019/12
083470,1.0,1.0,0.5367620220621361,(주)이엠앤아이,2013/12
083640,1.0,0.0,0.42185199686634156,(주)인콘,2016/12
083650,0.0,0.0,0.33817056284325514,비에이치아이(주),2014/12
083660,0.0,0.0,0.2997200633115937,(주)씨에스에이코스믹,2012/12
083790,0.0,0.0,0.14554238948212517,씨지인바이츠(주),2014/12
083930,1.0,0.0,0.4089538662891295,(주)아바코,2012/12
084180,0.0,0.0,0.14152701149753477,(주)수성샐바시온,2017/12
084650,0.0,0.0,0.37236736244748625,(주)랩지노믹스,2017/12
084680,0.0,0.0,0.19241909760510736,(주)이월드,2012/12
084730,1.0,0.0,0.483841877965126,팅크웨어(주),2013/12
084870,1.0,1.0,0.5205789675481526,(주)티비에이치글로벌,2015/12
084990,1.0,0.0,0.08133322845526453,(주)헬릭스미스,2012/12
085310,0.0,0.0,0.31791007464583937,(주)엔케이,2012/12
085660,1.0,0.0,0.3590254731068015,(주)차바이오텍,2017/12
085670,1.0,0.0,0.46477810099075395,(주)뉴프렉스,2013/12
086040,0.0,0.0,0.2921455928400331,(주)바이오톡스텍,2012/12
086060,1.0,1.0,0.5204543638268717,(주)진바이오텍,2013/12
086200,0.0,0.0,0.3480809773306134,제이앤유글로벌,2013/12
086250,0.0,0.0,0.30632796730248113,(주)화신테크,2014/12
086390,1.0,0.0,0.14307270064137426,(주)유니테스트,2013/12
086520,1.0,0.0,0.26076969564011593,(주)에코프로,2013/12
086670,1.0,0.0,0.33237291070429786,(주)비엠티,2016/12
086820,0.0,0.0,0.4294362494561361,(주)바이오솔루션,2019/12
086890,0.0,0.0,0.06729545072809122,(주)이수앱지스,2012/12
087010,0.0,0.0,0.11857302067594756,(주)펩트론,2016/12
087220,0.0,0.0,0.265629110762155,(주)스틸플라워,2013/12
087260,1.0,0.0,0.4095922121794975,모바일어플라이언스(주),2019/12
087600,0.0,0.0,0.34442112220124405,(주)픽셀플러스,2016/12
087730,0.0,0.0,0.3330998290902211,(주)이엠네트웍스,2016/12
088290,0.0,1.0,0.5009440756201979,이원컴포텍(주),2012/12
088390,1.0,0.0,0.3207789228897187,(주)이녹스,2017/12
088790,0.0,0.0,0.39027963652396674,(주)진도,2019/12
088800,1.0,0.0,0.2767573439301051,(주)에이스테크놀로지,2012/12
088910,1.0,1.0,0.5986168375143601,(주)동우팜투테이블,2012/12
089010,0.0,0.0,0.37681601434114936,(주)켐트로닉스,2014/12
089230,0.0,0.0,0.29218667398936526,더이앤엠(주),2012/12
089530,1.0,0.0,0.24192755671322852,(주)에이티세미콘,2013/12
089590,0.0,0.0,0.3992715686652836,(주)제주항공,2019/12
089790,1.0,0.0,0.36177766510805204,(주)제이티,2013/12
089850,0.0,0.0,0.31883718350734247,유비벨록스(주),2014/12
089890,0.0,0.0,0.1349912297709603,(주)코세스,2013/12
090080,0.0,1.0,0.6273069869635409,평화산업(주),2013/12
090120,1.0,1.0,0.5290141977108103,잘만테크(주),2012/12
090150,0.0,0.0,0.345674775856445,(주)아이윈,2017/12
090360,1.0,0.0,0.3767038476445932,(주)로보스타,2012/12
090370,0.0,0.0,0.3270955256213296,(주)메타랩스,2012/12
090410,1.0,0.0,0.2707629647342491,(주)덕신하우징,2016/12
090470,1.0,0.0,0.26113403736199586,(주)제이스텍,2013/12
090710,0.0,0.0,0.2718507498972609,휴림로봇(주),2012/12
090730,1.0,0.0,0.3481024733289456,(주)심팩메탈,2015/12
090740,1.0,0.0,0.39721906169432686,(주)연이비앤티,2017/12
091090,0.0,0.0,0.37357579181829637,세원이앤씨(주),2012/12
091120,1.0,0.0,0.43690682722407326,(주)이엠텍,2019/12
091340,0.0,0.0,0.2699850156957175,에스엔케이폴리텍(주),2012/12
091440,1.0,0.0,0.4291355469677822,(주)텔레필드,2016/12
091580,0.0,0.0,0.31443928846974917,상신이디피(주),2015/12
091810,0.0,0.0,0.3374639687238911,(주)티웨이항공,2019/12
091970,0.0,0.0,0.24140581318941537,나노캠텍(주),2015/12
092040,1.0,0.0,0.32367350090551855,아미코젠(주),2019/12
092070,0.0,0.0,0.3321286925635978,(주)디엔에프,2012/12
092200,0.0,0.0,0.21115145906910554,(주)디아이씨,2019/12
092220,0.0,0.0,0.21261833691302903,(주)케이이씨,2012/12
092300,0.0,0.0,0.3595537491912219,현우산업(주),2012/12
092460,1.0,0.0,0.3511846125124798,한라아이엠에스(주),2013/12
092600,0.0,0.0,0.4813937192662546,(주)앤씨앤,2012/12
092870,1.0,0.0,0.28123014363014404,(주)엑시콘,2019/12
093230,0.0,0.0,0.15587312405487452,(주)이아이디,2012/12
093370,0.0,0.0,0.353921211912788,(주)후성,2012/12
093640,1.0,1.0,0.5724279254556306,(주)케이알엠,2015/12
094170,0.0,1.0,0.5001790127329007,(주)동운아나텍,2017/12
094190,0.0,0.0,0.2824899750785505,이엘케이(주),2012/12
094480,0.0,0.0,0.24925321277734938,갤럭시아머니트리(주),2012/12
094860,0.0,0.0,0.30053520446263393,(주)네오리진,2013/12
094940,0.0,0.0,0.3158358699028825,(주)푸른기술,2014/12
094970,1.0,1.0,0.5234615311017836,제이엠티(주),2015/12
095190,1.0,0.0,0.35957541048620323,이엠코리아(주),2012/12
095270,0.0,0.0,0.37740440451298585,(주)웨이브일렉트로닉스,2012/12
095300,0.0,0.0,0.2603269109923635,(주)엔에스브이,2013/12
095500,0.0,0.0,0.38025167162559276,미래나노텍(주),2013/12
095570,0.0,0.0,0.28521062423182675,AJ네트웍스(주),2018/12
095700,0.0,0.0,0.1289912439132148,(주)제넥신,2013/12
095720,1.0,0.0,0.3334420451090022,(주)웅진씽크빅,2019/12
095910,0.0,0.0,0.36474163303238333,(주)에스에너지,2018/12
096040,0.0,0.0,0.4310921959307351,이트론(주),2014/12
096350,0.0,0.0,0.29448178320047264,(주)대창솔루션,2012/12
096610,0.0,0.0,0.37558809128335663,(주)알에프세미,2017/12
096630,0.0,0.0,0.3626686166218412,(주)에스코넥,2019/12
096690,0.0,0.0,0.22453223189641414,(주)에이루트,2016/12
096760,0.0,0.0,0.2518383405392639,제이더블유홀딩스(주),2012/12
096770,1.0,1.0,0.7772929399378884,SK이노베이션(주),2014/12
096870,0.0,0.0,0.2043033804640922,(주)엘디티,2013/12
097230,0.0,0.0,0.3819210096931902,(주)HJ중공업,2012/12
097520,1.0,0.0,0.2423490220094089,(주)엠씨넥스,2016/12
097780,0.0,0.0,0.4223440364563803,에코볼트(주),2014/12
097800,0.0,0.0,0.27358059495379816,(주)윈팩,2014/12
098120,0.0,0.0,0.3813521628896569,(주)마이크로컨텍솔루션,2016/12
098660,0.0,0.0,0.35191538646085324,(주)에스티오,2013/12
099220,0.0,0.0,0.1467652988586335,에스디엔(주),2012/12
099410,0.0,0.0,0.21467764208090073,(주)동방선기,2012/12
099440,0.0,0.0,0.42325968550473103,(주)스맥,2018/12
099520,0.0,1.0,0.5096221037678389,(주)아이티엑스에이아이,2014/12
099660,0.0,0.0,0.3280842367569706,한솔신텍(주),2012/12
099830,0.0,0.0,0.29748606358386304,(주)씨그널엔터테인먼트그룹,2013/12
100130,1.0,0.0,0.4371128801904739,(주)동국에스엔씨,2018/12
100840,1.0,0.0,0.40807387059772704,(주)SNT에너지,2018/12
101000,1.0,0.0,0.16710695471576612,(주)상상인인더스트리,2012/12
101060,1.0,0.0,0.382399808155167,에스비에스미디어홀딩스(주),2017/12
101140,0.0,0.0,0.43245405119731956,(주)인바이오젠,2012/12
101160,0.0,0.0,0.2916931539591149,(주)월덱스,2012/12
101170,1.0,0.0,0.36215352216441155,우림피티에스(주),2017/12
101390,1.0,1.0,0.5345268938438397,(주)아이엠,2012/12
101400,0.0,0.0,0.4492700160911874,엔시트론(주),2012/12
101490,0.0,0.0,0.27959767159965765,(주)에스앤에스텍,2012/12
101670,1.0,0.0,0.34462335412846373,(주)하이드로리튬,2014/12
101680,0.0,0.0,0.4806611768339011,한국정밀기계(주),2012/12
101930,0.0,0.0,0.284376027077939,인화정공(주),2016/12
101990,0.0,0.0,0.4399748268415672,(주)파브코,2012/12
102210,0.0,0.0,0.30894858203125536,(주)에이치디,2017/12
102260,1.0,0.0,0.4540481389916441,(주)동성케미컬,2017/12
102280,0.0,1.0,0.5318960211490438,(주)쌍방울,2013/12
102940,0.0,0.0,0.26431665208991806,코오롱생명과학(주),2017/12
103130,0.0,0.0,0.06423595775450058,웅진에너지(주),2012/12
103230,0.0,0.0,0.3823692731269441,(주)에스앤더블류,2012/12
103590,1.0,0.0,0.40906229401623706,일진전기(주),2012/12
104040,0.0,0.0,0.333219294226476,(주)대성파인텍,2018/12
104110,1.0,0.0,0.48493014464038275,(주)신성이엔지,2012/12
104120,1.0,0.0,0.25887473510903863,(주)신성에프에이,2012/12
104200,0.0,0.0,0.41180401754600715,(주)엔에이치엔벅스,2016/12
104480,0.0,0.0,0.39813554352767816,(주)티케이케미칼,2012/12
104540,1.0,0.0,0.3905046352023974,(주)코렌텍,2014/12
105330,0.0,0.0,0.32895612343484165,(주)케이엔더블유,2012/12
105550,0.0,0.0,0.24169873406242495,(주)트루윈,2015/12
105840,1.0,0.0,0.3785346432359906,(주)우진,2013/12
106080,0.0,0.0,0.2439364802083136,(주)하이소닉,2013/12
106190,0.0,0.0,0.2853732901890154,(주)하이텍팜,2019/12
106240,1.0,0.0,0.26545908303959753,(주)파인테크닉스,2013/12
106520,0.0,0.0,0.1875954845639936,(주)노블엠앤비,2015/12
108230,1.0,0.0,0.41565283571620265,(주)톱텍,2019/12
108860,0.0,0.0,0.33332643211924806,(주)셀바스에이아이,2014/12
109070,0.0,0.0,0.24096367722766798,(주)주성코퍼레이션,2012/12
109610,0.0,0.0,0.3329447560820333,에스와이(주),2019/12
109740,1.0,0.0,0.4604573592089427,(주)디에스케이,2012/12
109820,0.0,0.0,0.30394020280005907,(주)진매트릭스,2012/12
109960,0.0,0.0,0.47242795238403074,(주)에이프로젠헬스케어앤게임즈,2012/12
110020,0.0,0.0,0.12285379323631239,전진바이오팜(주),2019/12
110310,0.0,0.0,0.06271661630066379,(주)모린스,2012/12
110500,0.0,0.0,0.143827247243058,(주)유니드코리아,2012/12
110570,0.0,0.0,0.05736730809290721,(주)넥솔론,2012/12
111610,0.0,0.0,0.04228812777991491,(주)승화프리텍,2012/12
111820,1.0,1.0,0.5786995752883053,(주)지유온,2014/12
111870,0.0,0.0,0.23425726306702888,케이에이치전자(주),2019/12
112240,1.0,1.0,0.5325948895826469,(주)에스에프씨,2015/12
112610,1.0,0.0,0.39118259396085153,씨에스윈드(주),2016/12
113810,0.0,0.0,0.35680822213288144,디젠스(주),2013/12
114190,0.0,0.0,0.44454737047342724,(주)강원에너지,2016/12
114450,0.0,0.0,0.3563819404451193,그린생명과학(주),2013/12
114570,0.0,1.0,0.5694494902556811,지스마트글로벌(주),2012/12
114630,1.0,0.0,0.43200518888396816,(주)폴라리스우노,2019/12
114810,0.0,0.0,0.25650506191857025,한솔아이원스(주),2015/12
115160,0.0,0.0,0.46766602821994196,(주)휴맥스,2017/12
115440,1.0,0.0,0.48542452381414813,(주)우리넷,2018/12
115450,0.0,0.0,0.29957487079967043,에이치엘비테라퓨틱스(주),2012/12
115480,0.0,0.0,0.4390098403697739,(주)씨유메디칼시스템,2013/12
115530,0.0,0.0,0.31460972220276456,(주)씨엔플러스,2013/12
115570,1.0,0.0,0.3679715715506665,(주)스타플렉스,2012/12
115610,1.0,0.0,0.3551501594681576,(주)이미지스테크놀로지,2012/12
117670,0.0,0.0,0.24261267877982812,(주)알파홀딩스,2016/12
117730,1.0,0.0,0.3196612478689663,(주)티로보틱스,2019/12
117930,0.0,0.0,0.15457745230248335,(주)한진해운,2012/12
118000,0.0,0.0,0.32623085458904255,(주)에스메디,2012/12
118990,0.0,0.0,0.3501098911878348,모트렉스(주),2018/12
119650,0.0,1.0,0.5625085052561066,케이씨코트렐(주),2013/12
119830,1.0,0.0,0.280634130338238,아이텍(주),2019/12
121440,1.0,1.0,0.5034193251170135,(주)골프존뉴딘홀딩스,2015/12
121600,1.0,0.0,0.40943846299327863,(주)나노신소재,2012/12
121800,0.0,0.0,0.3245240407967772,(주)비덴트,2015/12
121850,0.0,0.0,0.36852782206972656,(주)코이즈,2013/12
121890,1.0,1.0,0.5489409829500622,(주)에스디시스템,2013/12
122350,0.0,0.0,0.29620047697763074,(주)삼기,2018/12
122640,0.0,0.0,0.3370170283918198,(주)예스티,2018/12
122690,0.0,0.0,0.34466696792342144,(주)서진오토모티브,2017/12
122800,1.0,0.0,0.30248958686617816,(주)썬테크놀로지스,2013/12
122870,1.0,0.0,0.346633996637274,(주)와이지엔터테인먼트,2019/12
123010,0.0,0.0,0.16871823111164302,(주)아이윈플러스,2017/12
123040,1.0,0.0,0.22198977982451037,(주)엠에스오토텍,2012/12
123100,1.0,0.0,0.4222507305390592,(주)원익테라세미콘,2013/12
123260,0.0,0.0,0.14145146066314077,(주)파인넥스,2012/12
123330,0.0,0.0,0.23574591711212647,(주)제닉,2017/12
123410,1.0,0.0,0.3402851128275372,코리아에프티(주),2017/12
123690,0.0,0.0,0.13363291053087517,한국화장품(주),2012/12
123750,0.0,0.0,0.397374345341182,(주)알톤스포츠,2015/12
123840,1.0,0.0,0.31613223746782676,(주)한일진공,2014/12
123860,0.0,0.0,0.37188144387175776,(주)아나패스,2018/12
126870,0.0,0.0,0.37952260288869416,(주)뉴로스,2014/12
126880,0.0,0.0,0.40060371258517113,제이엔케이히터(주),2013/12
127120,0.0,0.0,0.11628092012254436,(주)디엔에이링크,2013/12
127160,0.0,0.0,0.2211658790286,(주)매직마이크로,2016/12
128540,0.0,0.0,0.3686663504041742,에코캡(주),2019/12
128820,0.0,0.0,0.23738533036191947,대성산업(주),2012/12
129260,1.0,0.0,0.3935804862826181,인터지스(주),2019/12
130740,0.0,0.0,0.366309450195302,(주)티피씨,2018/12
130960,1.0,0.0,0.4058852119200011,씨제이이앤엠(주),2014/12
131090,1.0,0.0,0.4536479797186064,(주)시큐브,2014/12
131100,0.0,0.0,0.3373237879624353,(주)티엔엔터테인먼트,2012/12
131220,1.0,0.0,0.4823996675658129,(주)대한과학,2015/12
131290,0.0,0.0,0.4412010121719339,(주)티에스이,2015/12
131370,0.0,0.0,0.2837058159036339,알서포트(주),2015/12
131390,1.0,0.0,0.35932728396732105,(주)원익피앤이,2014/12
131400,0.0,0.0,0.3255572823957731,(주)이브이첨단소재,2014/12
131760,1.0,0.0,0.25982330656865504,(주)파인텍,2016/12
133750,1.0,0.0,0.309771445817922,메가엠디(주),2017/12
133820,0.0,0.0,0.29144512890805613,(주)화인베스틸,2019/12
134060,1.0,0.0,0.3996921409544376,(주)이퓨쳐,2012/12
134580,0.0,0.0,0.4834087268030789,(주)탑코미디어,2016/12
134780,0.0,0.0,0.21509972049367568,(주)화진,2018/12
134790,0.0,0.0,0.3414669806654312,(주)시디즈,2013/12
136480,1.0,0.0,0.4064659291755221,(주)하림,2012/12
136510,1.0,0.0,0.17559357727407873,(주)스마트솔루션즈,2012/12
137400,1.0,1.0,0.5150392720807112,(주)피엔티,2015/12
137940,1.0,0.0,0.4325523800083596,(주)넥스트아이,2017/12
137950,1.0,0.0,0.33263872461730737,제이씨케미칼(주),2014/12
138080,0.0,0.0,0.4295894847965018,(주)오이솔루션,2017/12
138360,1.0,0.0,0.3535594145513332,(주)협진,2016/12
138490,1.0,0.0,0.40675559854052756,코오롱플라스틱(주),2013/12
138610,0.0,0.0,0.2154011902956125,(주)나이벡,2012/12
139050,0.0,0.0,0.3939474755915964,(주)비에프랩스,2016/12
140410,0.0,0.0,0.15707944051283007,(주)메지온,2013/12
140520,1.0,0.0,0.36848924219318213,(주)대창스틸,2016/12
140670,0.0,1.0,0.5221480982039949,알에스오토메이션(주),2019/12
141000,1.0,0.0,0.42149051800948656,(주)비아트론,2014/12
141070,1.0,0.0,0.2521182742337876,(주)맥스로텍,2013/12
141080,0.0,0.0,0.17134000276915112,(주)레고켐바이오사이언스,2015/12
142280,0.0,0.0,0.4731244785706286,(주)녹십자엠에스,2016/12
142760,0.0,0.0,0.13137158638071617,(주)비엘,2017/12
143160,0.0,0.0,0.46567072157838574,(주)아이디스,2016/12
143540,1.0,0.0,0.16244216902012135,(주)영우디에스피,2018/12
144510,1.0,0.0,0.3396575842462635,(주)지씨셀,2019/12
144620,0.0,1.0,0.5067231008536228,코오롱머티리얼(주),2014/12
145210,0.0,0.0,0.22548332255693024,(주)다이나믹디자인,2017/12
147760,0.0,0.0,0.34889273426056,(주)피엠티,2018/12
148140,0.0,0.0,0.40076345565489285,비디아이(주),2019/12
149940,0.0,0.0,0.16141508373514443,(주)모다,2014/12
149980,1.0,0.0,0.44862057859770216,(주)하이로닉,2018/12
150840,0.0,0.0,0.2588623249709727,(주)인트로메딕,2015/12
151910,0.0,0.0,0.17845290530456698,에스비더블유생명과학(주),2015/12
153460,0.0,0.0,0.20275460709345428,(주)네이블커뮤니케이션즈,2017/12
153490,0.0,0.0,0.37909529543650033,우리이앤엘(주),2014/12
153710,0.0,0.0,0.33731803044669184,(주)옵티팜,2019/12
154040,0.0,0.0,0.44758084506112167,(주)다산솔루에타,2016/12
155650,1.0,0.0,0.46499634838797754,와이엠씨(주),2019/12
155960,0.0,0.0,0.23186892337706294,(주)지디,2015/12
156100,0.0,0.0,0.19396946950967447,(주)엘앤케이바이오메드,2017/12
158310,0.0,0.0,0.3486406826502884,참존글로벌(주),2014/12
159580,0.0,1.0,0.7462585627506659,(주)제로투세븐,2014/12
159910,0.0,0.0,0.19845276813278162,(주)스킨앤스킨,2013/12
160550,0.0,0.0,0.329883316027804,(주)넥스트엔터테인먼트월드,2017/12
160600,1.0,1.0,0.5206304139514897,(주)이큐셀,2016/12
161570,0.0,0.0,0.2848528243257166,(주)더 미동,2016/12
161580,0.0,0.0,0.1202579841746497,(주)필옵틱스,2018/12
166480,0.0,0.0,0.2644242780488701,코아스템켐온(주),2016/12
168330,0.0,0.0,0.1535046680560956,(주)내츄럴엔도텍,2015/12
170030,1.0,1.0,0.5585976058637245,(주)현대공업,2018/12
170790,1.0,0.0,0.3714806597882844,(주)파이오링크,2015/12
170920,1.0,0.0,0.3274595543131795,엘티씨(주),2016/12
171010,0.0,0.0,0.21803852534038717,램테크놀러지(주),2014/12
173940,1.0,0.0,0.4305810687932024,(주)에프엔씨엔터테인먼트,2016/12
174880,0.0,0.0,0.255143825501626,(주)장원테크,2019/12
174900,1.0,0.0,0.2789607184298671,앱클론(주),2018/12
175140,0.0,0.0,0.2888843951426915,(주)인포마크,2017/12
175250,0.0,0.0,0.26662860115509,아이큐어(주),2019/12
177350,0.0,0.0,0.17666352542311917,(주)베셀,2019/12
177830,1.0,0.0,0.24621754613848795,(주)파버나인,2015/12
178780,0.0,0.0,0.15819996904328876,(주)일월지엠엘,2016/12
180400,0.0,0.0,0.151001222226205,디엑스앤브이엑스(주),2016/12
180640,0.0,0.0,0.26855373795344034,(주)한진칼,2019/12
181340,0.0,0.0,0.42313437104477897,(주)이즈미디어,2019/12
182400,0.0,0.0,0.08711276881900008,(주)엔케이맥스,2016/12
182690,0.0,0.0,0.18954325710447356,마이크로로봇(주),2016/12
183490,0.0,0.0,0.1642652705772907,(주)엔지켐생명과학,2019/12
184230,0.0,0.0,0.2157754622745501,에스지에이솔루션즈(주),2018/12
185490,0.0,0.0,0.0665508926163,아이진(주),2018/12
187220,0.0,0.0,0.28179042296117096,(주)디티앤씨,2019/12
187270,1.0,0.0,0.33085913777530845,(주)신화콘텍,2015/12
187420,0.0,0.0,0.25745974457704,(주)제노포커스,2018/12
187790,0.0,0.0,0.11227647187176269,(주)나노,2016/12
189860,1.0,0.0,0.4999112494911266,(주)서전기전,2015/12
190510,0.0,0.0,0.4083157153938908,(주)나무가,2016/12
191410,1.0,0.0,0.10875547373869313,(주)육일씨엔에쓰,2016/12
192390,0.0,0.0,0.2630973142542086,(주)윈하이텍,2019/12
192410,1.0,0.0,0.2660610822304658,휴림네트웍스(주),2016/12
193250,0.0,0.0,0.33845011028354394,(주)와이제이엠게임즈,2017/12
194480,0.0,0.0,0.16783365057362173,데브시스터즈(주),2015/12
194510,1.0,0.0,0.26834470579956893,(주)파티게임즈,2018/12
194610,0.0,0.0,0.34855737497975436,(주)우성아이비,2016/12
195440,0.0,0.0,0.14084695247742965,(주)퓨전,2017/12
195990,0.0,0.0,0.2082840354655726,(주)에이비프로바이오,2017/12
196170,0.0,0.0,0.14398682604563087,(주)알테오젠,2016/12
196300,0.0,0.0,0.12740089323959788,애니젠(주),2018/12
196450,0.0,0.0,0.2924540275596136,(주)코아시아씨엠,2015/12
196490,0.0,0.0,0.38308399023648576,(주)디에이테크놀로지,2019/12
196700,0.0,0.0,0.29897096286429825,(주)웹스,2018/12
198440,1.0,0.0,0.35344326347890365,(주)고려시멘트,2019/12
200230,0.0,0.0,0.474769173004344,(주)텔콘알에프제약,2015/12
200470,0.0,0.0,0.2426020050547747,(주)에이팩트,2015/12
200710,0.0,0.0,0.3657877299747538,(주)에이디테크놀로지,2016/12
200780,0.0,0.0,0.25600488911491254,(주)비씨월드제약,2019/12
200880,0.0,0.0,0.3304044294981834,(주)서연이화,2017/12
203690,0.0,0.0,0.12435574795886882,(주)스피어파워,2017/12
204630,0.0,0.0,0.44758260100467107,(주)스튜디오산타클로스엔터테인먼트,2016/12
204840,0.0,0.0,0.0761108060227514,지엘팜텍(주),2017/12
204990,0.0,0.0,0.33088387720194057,(주)코썬바이오,2017/12
205470,0.0,0.0,0.40988629008066685,휴마시스(주),2018/12
208370,0.0,0.0,0.3240074180591976,(주)셀바스헬스케어,2017/12
208860,0.0,0.0,0.14190637903333408,(주)엔지스테크널러지,2019/12
212560,1.0,0.0,0.36875146230355094,(주)네오오토,2019/12
214310,0.0,0.0,0.19353309263618743,(주)에스엘에너지,2016/12
214330,0.0,0.0,0.4527668338513417,(주)금호에이치티,2019/12
214420,0.0,0.0,0.4686795154100939,(주)토니모리,2017/12
214430,1.0,0.0,0.40622079614275586,아이쓰리시스템(주),2019/12
214680,1.0,1.0,0.5488186333715878,(주)디알텍,2017/12
214870,0.0,0.0,0.4297095131701961,뉴지랩파마(주),2016/12
215090,0.0,0.0,0.24281296450272394,(주)휴센텍,2019/12
215380,1.0,0.0,0.32109685279479777,(주)우정바이오,2018/12
215480,1.0,0.0,0.43709324904298713,(주)토박스코리아,2018/12
215790,0.0,0.0,0.3544364822023609,(주)이노인스트루먼트,2018/12
217190,0.0,0.0,0.302849195406438,제너셈(주),2016/12
217270,0.0,0.0,0.21714704194570594,(주)넵튠,2017/12
217480,0.0,0.0,0.3455433465387581,(주)에스디생명공학,2019/12
217730,0.0,0.0,0.08715853452665845,(주)강스템바이오텍,2016/12
219550,0.0,0.0,0.42062747233173614,(주)디와이디,2019/12
219750,0.0,0.0,0.21622524660363723,(주)지티지웰니스,2019/12
220100,0.0,0.0,0.12803461560865909,(주)퓨쳐켐,2017/12
220180,0.0,0.0,0.3777099868340946,(주)핸디소프트,2017/12
221610,1.0,0.0,0.23055258891919453,자안바이오(주),2018/12
221840,1.0,0.0,0.29603176024044575,하이즈항공(주),2016/12
222040,0.0,0.0,0.25347533765192454,코스맥스엔비티(주),2019/12
222080,1.0,0.0,0.2168506989283745,씨아이에스(주),2018/12
222110,0.0,0.0,0.17314768492550364,(주)팬젠,2017/12
222420,0.0,0.0,0.36317694045814075,(주)쎄노텍,2018/12
222800,1.0,0.0,0.29549017261186283,(주)심텍,2019/12
222810,0.0,0.0,0.23151639220951822,(주)세토피아,2017/12
223310,0.0,0.0,0.46670274221261177,커머스마이너 (주),2016/12
224060,0.0,0.0,0.3117475397388176,(주)더코디,2016/12
225430,1.0,0.0,0.28301471188293126,케이엠제약(주),2019/12
225650,1.0,1.0,0.5512757042293891,(주)쿠첸,2017/12
226350,0.0,0.0,0.21995814355627438,(주)아이엠텍,2017/12
226400,0.0,0.0,0.3902132212431044,(주)오스테오닉,2019/12
226950,0.0,0.0,0.0669860948451514,올릭스(주),2019/12
227100,0.0,0.0,0.3255595693299264,(주)에이치앤비디자인,2019/12
227610,0.0,0.0,0.08873853867187186,(주)아우딘퓨쳐스,2019/12
228340,0.0,0.0,0.34615173535707905,동양파일(주),2018/12
230980,0.0,0.0,0.24671196784003657,비유테크놀러지,2017/12
232140,1.0,0.0,0.2541840314265138,와이아이케이(주),2019/12
234300,0.0,0.0,0.19257288706098516,에스트래픽(주),2018/12
234920,0.0,0.0,0.2831781960689139,자이글(주),2018/12
237690,0.0,0.0,0.2349794894795173,에스티팜(주),2018/12
237880,1.0,0.0,0.49554010224031086,(주)클리오,2018/12
238120,0.0,0.0,0.15039717190756752,(주)얼라인드제네틱스,2017/12
238490,1.0,0.0,0.36599018167100683,(주)힘스,2018/12
241820,0.0,0.0,0.04055934001237784,피씨엘(주),2018/12
242040,1.0,1.0,0.5645795429601695,나무기술(주),2018/12
245620,0.0,0.0,0.20161311005997384,이원다이애그노믹스(주),2019/12
246710,0.0,0.0,0.05576402092344308,(주)티앤알바이오팹,2019/12
246720,0.0,0.0,0.18001764455151464,(주)아스타,2018/12
249420,1.0,0.0,0.37471558805641864,일동제약(주),2019/12
250060,0.0,0.0,0.11462476207084134,(주)모비스,2018/12
256940,0.0,0.0,0.40837988885776283,(주)케이피에스,2019/12
258610,0.0,0.0,0.4059201034520566,(주)케일럼,2019/12
263540,0.0,0.0,0.30182245981876205,(주)어스앤에어로스페이스,2018/12
263800,1.0,1.0,0.5433703180552639,(주)데이타솔루션,2018/12
263920,0.0,0.0,0.3744557365048814,(주)휴엠앤씨,2018/12
265560,1.0,0.0,0.43173790280381996,영화테크(주),2019/12
267260,0.0,0.0,0.2900593470715407,에이치디현대일렉트릭(주),2018/12
271980,1.0,1.0,0.501846185570102,제일약품(주),2019/12
272450,0.0,0.0,0.35097280988035773,(주)진에어,2019/12
290660,0.0,0.0,0.041819971983784746,(주)네오펙트,2019/12
298690,0.0,0.0,0.2459099273371285,에어부산(주),2019/12
900040,1.0,1.0,0.5624497931176315,차이나그레이트스타인터내셔널리미티드,2017/12
900070,1.0,0.0,0.4946168934056006,글로벌에스엠테크리미티드,2018/12
900100,0.0,0.0,0.4722816532759234,애머릿지코퍼레이션,2012/12
900130,0.0,0.0,0.3011528697909737,웨이포트유한공사,2012/12
900140,0.0,0.0,0.32753376441462906,엘브이엠씨홀딩스(주),2018/12
950130,0.0,0.0,0.33262746259490356,(주)엑세스바이오인코퍼레이션,2015/12
950140,0.0,0.0,0.3301947408180325,잉글우드랩(주),2017/12
950160,0.0,0.0,0.080807084125582,코오롱티슈진(주),2018/12
000220,0.0,0.0,0.44289315479540214,(주)유유제약,2021/12
000250,1.0,0.0,0.32918829202750877,삼천당제약(주),2021/12
000390,1.0,0.0,0.4565098378097625,삼화페인트공업(주),2021/12
000430,0.0,0.0,0.41973553642150885,대원강업(주),2020/12
000440,0.0,0.0,0.4309806484981163,(주)중앙에너비스,2020/12
001420,0.0,0.0,0.3763590324690627,태원물산(주),2020/12
001430,1.0,0.0,0.3523661699903741,(주)세아베스틸지주,2020/12
001540,0.0,0.0,0.4531064599210995,안국약품(주),2020/12
002350,0.0,0.0,0.3559013466337005,넥센타이어(주),2021/12
002380,1.0,1.0,0.5835798356530395,(주)케이씨씨,2020/12
002620,0.0,0.0,0.3049518893472256,제일파마홀딩스(주),2021/12
002800,0.0,0.0,0.2905338246665869,신신제약(주),2020/12
002920,1.0,0.0,0.3930989243957508,유성기업(주),2020/12
004020,1.0,1.0,0.6143634106597963,현대제철(주),2020/12
004170,1.0,0.0,0.3610876907642316,(주)신세계,2020/12
004440,1.0,0.0,0.3915274248086959,(주)삼일씨엔에스,2020/12
004840,1.0,0.0,0.3484138884000538,(주)디알비동일,2021/12
005430,0.0,0.0,0.2390417721574647,한국공항(주),2020/12
006840,0.0,0.0,0.20794284088625917,에이케이홀딩스(주),2020/12
007770,1.0,0.0,0.4019749517468455,한일화학공업(주),2021/12
008060,1.0,0.0,0.37197537249478846,(주)대덕,2020/12
008470,0.0,1.0,0.5400085378083683,(주)부-스타,2021/12
008770,1.0,0.0,0.22719930376543107,(주)호텔신라,2020/12
009440,1.0,0.0,0.24709710707950047,케이씨그린홀딩스(주),2020/12
010400,0.0,0.0,0.42272954350316233,(주)우진아이엔에스,2021/12
012610,1.0,0.0,0.38117395193881065,(주)경인양행,2020/12
013520,0.0,0.0,0.38154670794467477,(주)화승코퍼레이션,2020/12
013870,1.0,0.0,0.3670576575282156,지엠비코리아(주),2020/12
015750,1.0,0.0,0.4381621983413918,(주)성우하이텍,2020/12
016790,1.0,1.0,0.533606165008985,(주)카나리아바이오,2020/12
019440,1.0,1.0,0.5769951264327727,(주)세아특수강,2020/12
019680,0.0,0.0,0.3204051027798768,(주)대교,2020/12
023160,1.0,0.0,0.4127177826902262,(주)태광,2020/12
024120,1.0,0.0,0.39424804707060906,KB오토시스(주),2021/12
024880,0.0,0.0,0.37421770430359796,(주)케이피에프,2020/12
028080,0.0,0.0,0.22805310108541563,(주)휴맥스홀딩스,2021/12
029530,1.0,0.0,0.3565435192956272,(주)신도리코,2020/12
031440,1.0,0.0,0.4521604495888082,(주)신세계푸드,2020/12
031980,1.0,0.0,0.3747663770702817,피에스케이홀딩스(주),2020/12
034730,1.0,1.0,0.9896476201150578,에스케이(주),2020/12
035080,0.0,1.0,0.598958124088549,(주)그래디언트,2020/12
035250,0.0,0.0,0.43005030090053525,(주)강원랜드,2020/12
036420,0.0,0.0,0.15287561768833743,(주)콘텐트리중앙,2020/12
036690,0.0,0.0,0.34269900981516377,(주)코맥스,2021/12
037760,1.0,0.0,0.3248794979389066,(주)쎄니트,2020/12
038010,0.0,0.0,0.323406618421987,(주)제일테크노스,2020/12
038460,1.0,0.0,0.40806476864215296,(주)바이오스마트,2020/12
041440,1.0,1.0,0.5704119006091745,(주)현대에버다임,2021/12
042000,0.0,0.0,0.2748819103917849,카페24(주),2021/12
045520,0.0,0.0,0.3690278738482219,(주)크린앤사이언스,2021/12
048430,1.0,1.0,0.5449431856087127,(주)유라테크,2020/12
048550,1.0,0.0,0.31579789252776147,(주)에스엠컬처앤콘텐츠,2021/12
049520,0.0,0.0,0.4844957373728674,유아이엘(주),2020/12
051360,0.0,0.0,0.4585729438348365,(주)토비스,2020/12
051500,1.0,0.0,0.43647819809331806,씨제이프레시웨이(주),2020/12
052260,1.0,0.0,0.28830174733971325,(주)현대바이오랜드,2020/12
052330,0.0,0.0,0.442995544729202,(주)코텍,2020/12
052670,0.0,0.0,0.4827685316508797,(주)제일바이오,2020/12
052770,0.0,0.0,0.3841303635844951,(주)아이톡시,2020/12
053350,0.0,0.0,0.43874757652584917,이니텍(주),2021/12
054180,0.0,0.0,0.14588706805816937,(주)메디콕스,2021/12
058650,1.0,0.0,0.407594407229632,(주)세아홀딩스,2020/12
058730,1.0,0.0,0.36184548197601085,다스코(주),2020/12
062970,0.0,0.0,0.2176400219552013,(주)피피아이,2020/12
063760,0.0,0.0,0.3369673038266555,(주)이엘피,2021/12
065130,0.0,0.0,0.48878511264369917,(주)탑엔지니어링,2020/12
067080,1.0,0.0,0.34443468272388844,대화제약(주),2020/12
067170,0.0,1.0,0.536606656945954,(주)오텍,2021/12
067390,0.0,0.0,0.15522219502657877,(주)아스트,2020/12
068240,0.0,0.0,0.3018868256875176,(주)다원시스,2021/12
068290,1.0,0.0,0.38744028241057626,(주)삼성출판사,2020/12
069510,1.0,0.0,0.27648461302367405,에스텍(주),2021/12
072470,0.0,0.0,0.4122133871936629,우리산업홀딩스(주),2021/12
073110,0.0,0.0,0.26607822165025247,(주)엘엠에스,2020/12
075580,0.0,0.0,0.3380308523081881,(주)세진중공업,2020/12
078150,1.0,0.0,0.30599430082982554,(주)에이치비테크놀러지,2021/12
080720,0.0,0.0,0.23638148708889323,한국유니온제약(주),2020/12
084670,0.0,0.0,0.17683708984973617,(주)동양고속,2020/12
086900,1.0,0.0,0.19583854872998027,(주)메디톡스,2020/12
086960,1.0,1.0,0.5094286449839144,(주)엠디에스테크,2021/12
089140,0.0,0.0,0.10489900870482143,(주)넥스턴바이오사이언스,2020/12
092780,1.0,0.0,0.34075066075019395,동양피스톤(주),2020/12
094850,0.0,0.0,0.08500110865629808,참좋은여행(주),2020/12
099320,0.0,0.0,0.4421097998233841,(주)쎄트렉아이,2021/12
100220,1.0,0.0,0.3354970539042875,(주)비상교육,2020/12
100660,1.0,0.0,0.44208196550496653,서암기계공업(주),2020/12
101330,1.0,0.0,0.3824885015786185,(주)모베이스,2020/12
104620,0.0,0.0,0.19620343039434043,(주)노랑풍선,2020/12
108490,0.0,0.0,0.15898619575378234,(주)로보티즈,2020/12
110990,0.0,0.0,0.3722127918379837,디아이티(주),2020/12
111110,1.0,0.0,0.4200596125135672,호전실업(주),2020/12
114090,0.0,0.0,0.2551408761521557,그랜드코리아레저(주),2020/12
129890,0.0,0.0,0.3964038521943964,(주)앱코,2021/12
138070,1.0,0.0,0.3831040162061698,(주)신진에스엠,2020/12
143210,0.0,0.0,0.31090298897506047,핸즈코퍼레이션(주),2020/12
148150,1.0,0.0,0.4197048701208251,(주)세경하이테크,2020/12
149950,0.0,0.0,0.3447571225912312,(주)아바텍,2021/12
171090,1.0,0.0,0.31018409699050503,(주)선익시스템,2021/12
178320,1.0,0.0,0.3303668126890356,(주)서진시스템,2020/12
179900,0.0,0.0,0.3123599169491394,(주)유티아이,2021/12
191420,1.0,0.0,0.3874902573072819,테고사이언스(주),2021/12
195500,0.0,0.0,0.4779922771502774,(주)마니커에프앤지,2021/12
197140,1.0,0.0,0.37756900881743094,(주)디지캡,2021/12
204020,1.0,1.0,0.5062490262186399,(주)그리티,2021/12
204270,0.0,0.0,0.24252805788880397,(주)제이앤티씨,2021/12
204620,0.0,0.0,0.20322606078696281,글로벌텍스프리(주),2020/12
206400,0.0,0.0,0.3233169130914554,(주)베노티앤알,2021/12
206650,0.0,0.0,0.174630193420027,(주)유바이오로직스,2020/12
208140,1.0,0.0,0.37920464536243736,(주)정다운,2020/12
208350,0.0,0.0,0.4086902205583818,(주)지란지교시큐리티,2020/12
208710,0.0,0.0,0.2720974460334832,(주)바이오로그디바이스,2020/12
214260,0.0,0.0,0.2431731166881125,(주)라파스,2020/12
214270,1.0,0.0,0.3791587788030714,(주)에프에스엔,2020/12
214390,0.0,0.0,0.34028992557562754,(주)경보제약,2021/12
214610,0.0,0.0,0.2703471448025664,(주)미코바이오메드,2021/12
215100,0.0,0.0,0.215320019386381,(주)로보로보,2020/12
215360,0.0,0.0,0.4325605054183036,우리산업(주),2021/12
216080,0.0,0.0,0.20380441959455542,(주)제테마,2020/12
217620,0.0,0.0,0.09665862860212196,(주)디딤이앤에프,2020/12
218410,1.0,0.0,0.4126401340876682,알에프에이치아이씨(주),2020/12
226340,0.0,0.0,0.42684582297164636,(주)본느,2020/12
226360,0.0,0.0,0.24467444264975433,케이에이치건설(주),2020/12
226440,0.0,0.0,0.4417207647109938,(주)한송네오텍,2020/12
228760,0.0,0.0,0.08914846214692475,(주)지노믹트리,2020/12
229000,0.0,0.0,0.06063041686766278,(주)젠큐릭스,2021/12
230240,1.0,0.0,0.16547526011856634,(주)에치에프알,2020/12
234100,1.0,0.0,0.4282240808914518,(주)폴라리스세원,2021/12
238200,0.0,0.0,0.4206287787278482,(주)비피도,2020/12
241590,1.0,0.0,0.3886702849856608,(주)화승엔터프라이즈,2021/12
241840,1.0,0.0,0.38982978246319855,(주)에이스토리,2020/12
244460,0.0,0.0,0.04620508017310442,올리패스(주),2020/12
246960,0.0,0.0,0.08581066404320935,(주)이노테라피,2020/12
250930,0.0,0.0,0.45847644828941053,(주)예선테크,2021/12
254120,0.0,0.0,0.19521546335697468,(주)자비스,2020/12
255220,0.0,0.0,0.2882786285219392,에스지이(주),2021/12
256840,0.0,0.0,0.02582191797586703,(주)한국비엔씨,2021/12
257370,0.0,0.0,0.13640679185784127,(주)피엔티 엠에스,2020/12
258830,0.0,0.0,0.3583929900852232,(주)세종메디칼,2020/12
259630,0.0,0.0,0.24997274541823744,(주)엠플러스,2021/12
260930,0.0,0.0,0.2928990892861124,(주)씨티케이,2021/12
261200,1.0,0.0,0.38014577881757083,(주)덴티스,2021/12
262260,0.0,0.0,0.3731090910336112,(주)에이프로,2021/12
267250,1.0,1.0,0.8183176432248259,HD현대(주),2020/12
267320,1.0,0.0,0.2331901680904195,(주)나인테크,2021/12
267790,0.0,0.0,0.2646795795001439,(주)배럴,2020/12
268600,0.0,0.0,0.13210269549062836,(주)셀리버리,2021/12
269620,0.0,0.0,0.27567106519611967,(주)시스웍,2020/12
274090,1.0,0.0,0.12669930348831415,켄코아에어로스페이스(주),2021/12
277880,1.0,0.0,0.49583317060924925,(주)티에스아이,2021/12
279600,0.0,0.0,0.36702580944802443,미디어젠(주),2021/12
286750,0.0,0.0,0.34446967172034565,(주)나노브릭,2020/12
289010,0.0,1.0,0.5552415615375802,(주)아이스크림에듀,2020/12
290520,0.0,0.0,0.3612004687770303,(주)신도기연,2021/12
290670,1.0,0.0,0.3298402182113012,대보마그네틱(주),2020/12
290740,0.0,0.0,0.4258552794100295,(주)액트로,2021/12
291650,0.0,0.0,0.008845794280618775,(주)압타머사이언스,2021/12
294090,0.0,0.0,0.007907388362852786,이오플로우(주),2021/12
294140,0.0,0.0,0.09112719553879822,(주)레몬,2021/12
294630,0.0,0.0,0.10444037025716466,(주)서남,2021/12
297090,0.0,0.0,0.32183674388955724,씨에스베어링(주),2021/12
298040,1.0,0.0,0.3295676257976364,효성중공업(주),2020/12
298050,1.0,0.0,0.3552060032359823,효성첨단소재(주),2020/12
298060,0.0,0.0,0.09587492871143481,에스씨엠생명과학(주),2021/12
299030,1.0,0.0,0.3659655070432811,(주)하나기술,2021/12
299900,0.0,0.0,0.33335978947604744,(주)위지윅스튜디오,2021/12
300120,0.0,0.0,0.3046242487050407,라온피플(주),2020/12
301300,0.0,0.0,0.2238512102242771,(주)바이브컴퍼니,2021/12
302430,1.0,0.0,0.3362943797408392,(주)이노메트리,2020/12
304840,0.0,0.0,0.14462441117898955,(주)피플바이오,2021/12
305090,0.0,0.0,0.021235711568604442,(주)마이크로디지탈,2020/12
306620,0.0,0.0,0.3075014250635951,(주)네온테크,2021/12
307180,1.0,0.0,0.1388698092311497,(주)아이엘사이언스,2020/12
308100,0.0,0.0,0.36734940779605024,(주)까스텔바작,2021/12
311690,0.0,0.0,0.16624661663532894,씨제이바이오사이언스(주),2020/12
312610,0.0,0.0,0.10692300387443517,에이에프더블류(주),2021/12
313760,0.0,1.0,0.6205288223804096,(주)윌링스,2020/12
314130,0.0,0.0,0.0704180814570851,(주)지놈앤컴퍼니,2021/12
317120,0.0,0.0,0.22755320349104455,(주)라닉스,2020/12
317240,0.0,0.0,0.18543823365281026,(주)티에스트릴리온,2021/12
317530,0.0,0.0,0.18224179859117498,(주)캐리소프트,2020/12
317690,0.0,0.0,0.05116348718086542,(주)퀀타매트릭스,2021/12
317770,1.0,0.0,0.22254290040289146,(주)엑스페릭스,2020/12
317830,1.0,0.0,0.2856239399507264,(주)에스피시스템스,2021/12
317850,1.0,0.0,0.3986419803420442,대모엔지니어링(주),2020/12
317870,0.0,0.0,0.3124364637774585,(주)엔바이오니아,2020/12
322180,0.0,0.0,0.3845294877816288,(주)티라유텍,2020/12
322510,0.0,0.0,0.0985504590646854,(주)제이엘케이,2020/12
323230,0.0,0.0,0.304417144536797,엠에프엠코리아(주),2021/12
327260,0.0,0.0,0.3653699704372712,알에프머트리얼즈(주),2020/12
331920,0.0,0.0,0.15163011055604186,(주)셀레믹스,2021/12
332570,1.0,1.0,0.5760084284576259,(주)와이팜,2021/12
335810,0.0,0.0,0.20137428666618354,프리시젼바이오(주),2021/12
336370,0.0,0.0,0.27014817499144006,솔루스첨단소재(주),2021/12
348150,0.0,0.0,0.11949051971720254,(주)고바이오랩,2021/12
354200,0.0,0.0,0.15503150279523725,(주)엔젠바이오,2021/12
900110,1.0,0.0,0.17647145843246997,이스트아시아홀딩스인베스트먼트리미티드,2020/12
900260,0.0,0.0,0.3493269870302819,로스웰인터내셔널유한회사,2020/12
950200,0.0,0.0,0.2165221322730674,(주)소마젠,2021/12
